t_s,x_m,h_m,vx_mps,hdot_mps,path_speed_mps,ax_mps2,ah_mps2,accel_norm_mps2,jx_mps3,jh_mps3
0,0.000765998409336904,0.000152283703387696,0.153190505355683,0.0304559915077651,0.156188662680268,15.3153890254893,3.0452928315522,15.6152153181434,-1.09391685010023,-0.0919629141212026
0.01,0.00306350415982902,0.000609286668618664,0.306282718334614,0.0609395315218431,0.312286295012353,15.3005083688649,3.04860540106787,15.6012676163549,-2.06198552486177,0.122916843745327
0.02,0.00689102733481517,0.0013713229510095,0.459178139222582,0.0914662167654823,0.468199351077405,15.2760945110623,3.05395206746058,15.5783724034719,-2.99843023337627,0.325104178038447
0.03,0.0122461286042187,0.00243892363365928,0.61178300845987,0.122055763573274,0.623839770182748,15.2424609442539,3.06120791923865,15.5468199179741,-3.90381198972588,0.514903118220007
0.04,0.0191254466237159,0.00381281076775046,0.764006673458547,0.152726654267194,0.779122344701296,15.199915581168,3.07025106214924,15.5068976671436,-4.77868562739061,0.692613753848276
0.05,0.0275247288265107,0.00549388518262889,0.915761533116468,0.183496167132416,0.933964682891227,15.1487608167012,3.08096257991309,15.4588901509923,-5.62359983954925,0.858532262078633
0.06,0.0374388616633232,0.00748321459368335,1.06696298294539,0.214380406001847,1.08828717049005,15.0892935891294,3.09322649523408,15.4030786263578,-6.43909721925977,1.01295093508306
0.07,0.0488619002967129,0.00978202200412557,1.2175293608092,0.245394329452136,1.24201293123692,15.0218054409173,3.10692973108279,15.3397409058517,-7.225714299519,1.15615820738849
0.08,0.0617870977558186,0.0123916743967989,1.36738189326821,0.276551779613881,1.39506778646966,14.9465825791279,3.12196207225332,15.2691511871249,-7.98398159320173,1.28843868313388
0.09,0.0762069335575545,0.0153136717121715,1.51644464252557,0.307865510598769,1.54738021392958,14.863905935433,3.13821612719252,15.1915799085668,-8.71442363287925,1.41007316324622
0.1,0.0921131418002651,0.0185496361086972,1.66464445397182,0.339347216546368,1.69888130589424,14.7740512257267,3.1555872901008,15.107293628107,-9.41755901051712,1.52133867253526
0.11,0.109496738735798,0.0221013015017534,1.81191090432355,0.371007559293288,1.84950472674696,14.6772890093422,3.17397370330374,15.0165549222524,-10.0939004170524,1.6225084867071
0.12,0.128348049825922,0.0259705033773942,1.95817625035228,0.402856195667402,1.99918667008144,14.5738847478734,3.1932762198937,14.919622302888,-10.7439546818504,1.71385215929652
0.13,0.148656736288959,0.0301591688771814,2.10337537819956,0.434901804409838,2.14786581543054,14.4640988636026,3.21339836664055,14.8167501497055,-11.3682228120405,1.79563554851823
0.14,0.170411821142494,0.0346693071503868,2.24744575327445,0.467152112727414,2.29548328469999,14.3481867975358,3.23424630717083,14.708188656406,-11.9672000317314,1.8681208440368
0.15,0.193601714747947,0.0395029999698811,2.39032737072929,0.499613922478216,2.44198259838019,14.2263990670463,3.25572880541438,14.5941837890736,-12.5413758211062,1.93156659365548
0.16,0.21821423986278,0.0446623926080562,2.53196270651003,0.532293135992965,2.58730963160245,14.0989813231274,3.27775718931779,14.4749772553196,-13.0912339553965,1.98622772992382
0.17,0.244236656206064,0.0501496849691501,2.67229666897713,0.565194781534859,2.73141257010003,13.966174407257,3.30024531482368,14.3508064829798,-13.6172525437353,2.03235559666399
0.18,0.271655684543092,0.0559671229743755,2.81127655109314,0.598323038400531,2.8742418661287,13.8282144078737,3.32310953011518,14.2219046073045,-14.1199040678908,2.07019797541604
0.19,0.300457530294684,0.0621169901962727,2.94885198317314,0.631681261664779,3.01575019439651,13.6853327164663,3.34626864012471,14.0885004657084,-14.5996554208777,2.09999911180188
0.2,0.330627906676796,0.0686015997387409,3.08497488619411,0.6652720065717,3.15589240804821,13.5377560832777,3.36964387130615,13.9508185992705,-15.0569679454497,2.12199974180801
0.21,0.362152057375999,0.0754232863592233,3.21959942565944,0.699097052574861,3.29462549474526,13.3857066726247,3.39315883666987,13.80907926027,-15.49229747247,2.13643711798715
0.22,0.395014778766369,0.0825843988295503,3.35268196601471,0.733157427029133,3.43190853287908,13.2294021178349,3.41673950107943,13.663498425133,-15.9060943591617,2.1435450355786
0.23,0.429200441673263,0.0900872925319699,3.48418102561097,0.767453428536802,3.56770264795154,13.0690555758013,3.44031414680957,13.5142878122423,-16.2988035272378,2.14355385854737
0.24,0.464693012689466,0.0979343222869219,3.61405723221158,0.801984649950555,3.70197096915375,12.9048757811563,3.46381333936423,13.3616549041289,-16.6708645009103,2.13669054554211
0.25,0.50147607504909,0.106127835409137,3.74227327903897,0.836750001035958,3.83467858617157,12.7370671000668,3.48716989355415,13.2058029736216,-17.0227114447786,2.1231786757719
0.26,0.539532849064642,0.114670164988668,3.86879388135743,0.871747730795991,3.96579250624344,12.5658295836502,3.51031883983308,13.0469311135848,-17.3547732015977,2.10323847480167
0.27,0.578846212132571,0.123563623393489,3.99358573358815,0.906975449460245,4.09528161149418,12.3913590210143,3.53319739089178,12.8852342699183,-17.667473329925,2.07708684026657
0.28,0.619398718312619,0.132810495990322,4.11661746695282,0.942430150141347,4.22311661656607,12.2138469919201,3.55574490850902,12.7209032775359,-17.9612301416477,2.04493736750499
0.29,0.661172617486229,0.142413035080368,4.23785960764197,0.978108230161172,4.3492700265668,12.0334809190717,3.57790287065884,12.5541248990733,-18.2364567393882,2.00700037511041
0.3,0.704149874099251,0.152373454046668,4.3572845355043,1.01400551204941,4.473716095352,11.850444120031,3.59961483887316,12.3850818661086,-18.4935610537899,1.96348293040201
0.31,0.748312185494126,0.162693921709816,4.47486644325341,1.05011726421705,4.59643078415874,11.6649158587614,3.62082642585892,12.2139529227103,-18.7329458806823,1.91458887481411
0.32,0.79364099983671,0.173376556888798,4.59058129618793,1.08643822130724,4.71739172060448,11.4770713968001,3.64148526336909,12.0409128711482,-18.9550089181244,1.86051884920425
0.33,0.840117533642852,0.184423423163728,4.70440679242171,1.12296260422625,4.83657815806528,11.2870820440604,3.66154097032656,11.8661326196335,-19.1601428033291,1.80147031908018
0.34,0.887722788909806,0.195836523837315,4.81632232362007,1.15968413985679,4.95397093544526,11.0951152092656,3.68094512120019,11.6897792319686,-19.3487351494659,1.73763759974553
0.35,0.936437569857526,0.207617797091879,4.92630893623856,1.19659608045646,5.06955243734865,10.9013344500158,3.6996512146322,11.5120159790121,-19.5211685823433,1.66921188136426
0.36,0.986242499284839,0.219769111338788,5.03434929326066,1.23369122274369,5.1833065546646,10.7058995224877,3.71761464231613,11.3330023918804,-19.6778207769705,1.59638125394388
0.37,1.03711803454548,0.232292260757204,5.1404276364305,1.27096192667366,5.2952186455738,10.5089664307705,3.73479265812438,11.1528943168238,-19.8190644939985,1.51933073223744
0.38,1.0890444831489,0.245188961019051,5.24452974897722,1.30840013390684,5.40527549698575,10.3106874758371,3.75114434748485,10.9718439717329,-19.9452676160411,1.43824228056424
0.39,1.14200201799081,0.258460845197133,5.34664291882723,1.34599738597248,5.51346528641381,10.1112113041533,3.76663059700549,10.7900000042416,-20.056793183874,1.3532948375493
0.4,1.19597069221818,0.272109459853384,5.44675590230066,1.38374484212957,5.61977754429544,9.91068295592507,3.78121406434622,10.6075075514125,-20.1539994325149,1.26466434078163
0.41,1.2509304537337,0.286136261304215,5.54485888828864,1.42163329692777,5.72420311676371,9.70924391298672,3.79485914833734,10.4245083009986,-20.2372398271819,1.17252375139119
0.42,1.30686115934435,0.300542612059985,5.6409434629075,1.45965319747081,5.82673412887576,9.50703214632887,3.80753195934354,10.2411405542914,-20.3068630991313,1.07704307854461
0.43,1.36374258855893,0.315329777435631,5.73500257462655,1.49779466038465,5.92736394830366,9.3041821632695,3.81920028987278,10.0575392905753,-20.3632132813757,0.978389403859689
0.44,1.42155445703913,0.330498922329506,5.8270304998658,1.53604748849305,6.02608714949196,9.10082505426826,3.82983358542925,9.87383623322155,-20.4066297442802,0.876726905738565
0.45,1.48027642970902,0.346051108167528,5.91702280906,1.57440118720281,6.12289947828657,8.89708853938534,3.8394029156095,9.69015991746538,-20.4374472310393,0.772216883619697
0.46,1.53988813352742,0.361987290009736,6.00497633318551,1.61284498060126,6.2177978170385,8.69309701438639,3.84788094544103,9.50663575992169,-20.455995893032,0.66501778214853
0.47,1.6003691699279,0.378308313816391,6.09088913074646,1.65136782726827,6.31078015018604,8.48897159649442,3.85524190696245,9.32338612990412,-20.4626013250571,0.555285215266911
0.48,1.66169912693083,0.395014913870785,6.17476045521666,1.68995843580534,6.40184553031836,8.28483016979005,3.86146157104447,9.14053042262409,-20.4575846004477,0.443171990221241
0.49,1.72385759093224,0.412107710355928,6.25659072293382,1.72860528008404,6.4909940447235,8.08078743026119,3.86651721945086,8.95818513435491,-20.4412623060648,0.328828131489332
0.5,1.78682415817375,0.429587207082333,6.33638148144238,1.7672966142163,6.57822678242293,7.87695493050356,3.8703876171386,8.77646393965612,-20.4139465771707,0.212400904626
0.51,1.85057844589824,0.447453789364124,6.41413537828176,1.80602048724887,6.6635458016951,7.67344112407298,3.87305298479637,8.59547777076147,-20.3759451321816,0.0940348400273995
0.52,1.91510010319555,0.465707722040711,6.48985613021631,1.84476475758439,6.74695409808987,7.47035140949089,3.8744949716206,8.41533489924173,-20.3275613072995,-0.0261282433859834
0.53,1.98036882154276,0.484349147641328,6.56354849290359,1.88351710713135,6.82845557293547,7.26778817390411,3.87469662832827,8.23614102006024,-20.2690940910235,-0.147949214567549
0.54,2.04636434504321,0.50337808468972,6.63521823099756,1.92226505518542,6.90805500233962,7.06585083640022,3.87364238040566,8.05799933814421,-20.200838158541,-0.271291606824154
0.55,2.11306648036884,0.52279442614631,6.70487208868317,1.96099597204438,6.98575800668596,6.8646358909796,3.8713180015922,7.88101065759825,-20.1230839059975,-0.396021594376954
0.56,2.18045510640993,0.542597937985195,6.77251776063899,1.99969709235916,7.06157102062709,6.66423694918552,3.86771058759861,7.70527347368748,-20.036117484646,-0.522007969003503
0.57,2.24851018363661,0.56278825790334,6.83816386342441,2.03835552822311,7.13550126357505,6.46474478239324,3.86280853005859,7.53088406771569,-19.9402208348767,-0.64912211676123
0.58,2.31721176317637,0.58336489415937,6.90181990728804,2.07695828200206,7.20755671069014,6.26624736375962,3.85660149071316,7.35793660491821,-19.8356717201247,-0.777237994792138
0.59,2.38653999561177,0.604327224539372,6.96349626839394,2.11549225890729,7.27774606436863,6.06882990983418,3.84908037582692,7.1865232354786,-19.722743760658,-0.906232108208851
0.6,2.45647513950239,0.625674495447152,7.02320416146223,2.15394427931393,7.34607872623004,5.87257492183304,3.84023731083531,7.01673419876184,-19.6017064672446,-1.03598348706199
0.61,2.52699756963536,0.647405821116415,7.08095561282077,2.19230109082688,7.41256476960429,5.6775622265767,3.83006561522222,6.84865793083274,-19.4728252746994,-1.1663736633888
0.62,2.59808778500837,0.669520182942346,7.1367634338646,2.23054938009672,7.47721491251901,5.48386901709319,3.81855977762696,6.68238117529561,-19.3363615753094,-1.29728664834314
0.63,2.66972641654933,0.692016428930117,7.19064119491961,2.2686757843878,7.5400404911872,5.29156989288744,3.80571543117992,6.51798909744668,-19.19257275214,-1.42860890940679
0.64,2.74189423457668,0.71489327325784,7.24260319950741,2.30666690290087,7.6010534339954,5.10073689987833,3.79152932906604,6.35556540167343,-19.0417122122189,-1.56022934768207
0.65,2.81457215600433,0.73814929595153,7.2926644590078,2.34450930785243,7.66026623599221,4.91143957000457,3.77599932031529,6.19519245196049,-18.884029419601,-1.69203927526577
0.66,2.88774125129518,0.761782942669653,7.34084066771567,2.38218955531318,7.71769193387708,4.72374496050057,3.75912432581937,6.03695139526744,-18.7197699283112,-1.82393239270445
0.67,2.9613827511672,0.785792524594868,7.38714817828899,2.41969419580768,7.77334408148924,4.53771769284345,3.74090431457378,5.88092228742577,-18.5491754151681,-1.95580476653106
0.68,3.03547805305592,0.810176218430576,7.43160397758475,2.45700978467768,7.82723672579636,4.35341999137263,3.72134028014451,5.72718422105566,-18.3724837124858,-2.08755480688287
0.69,3.11000872733719,0.834932066499933,7.47422566287929,2.49412289221107,7.87938438338267,4.17091172158292,3.70043421735846,5.57581545482229,-18.1899288406559,-2.21908324520079
0.7,3.1849565233141,0.860057976944986,7.51503141847006,2.53102011353904,7.92980201743595,3.99025042809255,3.67818909921683,5.42689354313223,-18.0017410406086,-2.35029311201
0.71,3.26030337497172,0.88555172402364,7.55403999265541,2.56768807830334,7.97850501523302,3.8114913722871,3.65460885403072,5.28049546510351,-17.8081468061534,-2.48108971478195
0.72,3.33603140650365,0.911410948502143,7.59127067508916,2.60411346009608,8.02550916612287,3.6346875696409,3.62969834277798,5.13669775132499,-17.6093689161988,-2.61138061587773
0.73,3.4121229376138,0.937633158140856,7.62674327450685,2.64028298567419,8.07083064000701,3.45988982671665,3.60346333668064,4.99557660654093,-17.405626466852,-2.74107561057274
0.74,3.48856048859746,0.964215728271041,7.66047809682032,2.67618344395069,8.11448596631602,3.28714677784491,3.57591049500209,4.85720802595094,-17.1971349033973,-2.87008670516281
0.75,3.56532678520501,0.991155902460455,7.69249592357751,2.7118016947652,8.15649201348153,3.11650492148432,3.54704734306307,4.72166790229541,-16.9841060521546,-2.99832809515159
0.76,3.64240476329212,1.01845079326556,7.72281799078431,2.74712467743548,8.1968659689028,2.94800865626396,3.51688225047587,4.5890321202972,-16.7667481522168,-3.12571614351945
0.77,3.71977757325992,1.04609738306815,7.75146596808518,2.78213941909256,8.23562531940662,2.781700316709,3.48542440959574,4.45937663434978,-16.545265887067,-3.25216935907357
0.78,3.79742858428874,1.07409252499429,7.77846193829947,2.81683304280144,8.27278783219971,2.6176202086508,3.45268381418883,4.3327775245792,-16.3198604160746,-3.37760837487962
0.79,3.87534138836909,1.10243294391334,7.80382837731034,2.85119277546949,8.30837153631225,2.45580664432278,3.41867123831573,4.20931102557024,-16.0907294058713,-3.50195592677465
0.8,3.95349980413313,1.13111523751507,7.82758813430295,2.88520595554483,8.34239470453129,2.2962959771431,3.38339821542995,4.08905352114864,-15.8580670616063,-3.62513683196147
0.81,4.03188788049036,1.16013587746267,7.84976441234904,2.91886004050672,8.37487583582278,2.1391226361855,3.34687701769034,3.97208149767662,-15.6220641580807,-3.74707796768444
0.82,4.1104899000708,1.1894912106197,7.87038074933454,2.9521426141502,8.4058336382406,1.98431916033951,3.30912063548687,3.85847144738633,-15.3829080707621,-3.86770824998654
0.83,4.18929038247927,1.21917746034876,7.88946099922735,2.98504139366698,8.4352870123212,1.83191623216107,3.27014275717873,3.74829971240078,-15.1407828066774,-3.98695861254805
0.84,4.26827408736385,1.24919072788006,7.90702931368202,3.01754423652481,8.46325503496207,1.68194271141496,3.22995774904408,3.6416422593511,-14.8958690351859,-4.10476198560642
0.85,4.34742601730224,1.27952699374776,7.92311012397833,3.04963914714745,8.48975694378244,1.53442566831019,3.18858063544059,3.53857437399243,-14.6483441186317,-4.22105327495773
0.86,4.42673142050907,1.31018211929205,7.93772812329069,3.08131428339717,8.51481212196413,1.3893904164294,3.14602707917602,3.4391702650748,-14.3983821428752,-4.33576934103943
0.87,4.50617579336752,1.3411518482252,7.95090824928532,3.11255796286217,8.53844008357089,1.24686054535379,3.10231336208791,3.34350256709176,-14.1461539477041,-4.44884897809469
0.88,4.58574488278863,1.37243180825939,7.96267566704215,3.14335866895069,8.56066045934381,1.1068579529845,3.05745636583168,3.25164173257905,-13.8918271571242,-4.560232893418
0.89,4.66542468840136,1.40401751279464,7.97305575229845,3.17370505679416,8.58149298297098,0.969402877561701,3.01147355287628,3.16365530655572,-13.6355662095291,-4.66986368668231
0.9,4.74520146457673,1.43590436266472,7.98207407501109,3.20358595896125,8.60095747782872,0.83451392938281,2.96438294770661,3.07960707866891,-13.3775323877496,-4.77768582934759
0.91,4.8250617222891,1.46808764793936,7.98975638323457,3.23299039098503,8.61907384419225,0.702208122220781,2.91620311823182,2.99955611277699,-13.1178838489822,-4.88364564415083
0.92,4.90499223081791,1.50056254978072,7.9961285873116,3.26190755670526,8.63586204691302,0.572500904443741,2.86695315739882,2.92355565917736,-12.8567756545976,-4.98769128467759
0.93,4.98498001929275,1.53332414235244,8.00121674437358,3.29032685342775,8.65134210356011,0.445406189837328,2.81665266501003,2.85165196145208,-12.5943597998282,-5.0897727150148
0.94,5.06501237808506,1.56636739477929,8.00504704314763,3.31823787690305,8.66553407302289,0.320936388130747,2.76532172974467,2.78388297782512,-12.3307852433348,-5.18984168948525
0.95,5.14507686004935,1.59968717315583,8.00764578906753,3.34563042612621,8.67845804457177,0.199102435227833,2.71298091138278,2.7202770456777,-12.0661979366532,-5.28785173246348
0.96,5.22516128161714,1.63327824260208,8.00903938968546,3.37249450795998,8.69013412737419,0.0799138231443174,2.65965122323103,2.66085152692965,-11.8007408535203,-5.38375811827313
0.97,5.30525372374639,1.66713526936461,8.00925434038164,3.39882034158307,8.70058244046231,-0.0366213703473774,2.6053541147497,2.60561148063354,-11.5345540190787,-5.47751785116571
0.98,5.38534253272958,1.70125282296116,8.00831721036898,3.42459836276588,8.70982310314915,-0.15049645236494,2.55011145437988,2.55454841643956,-11.2677745389619,-5.56908964538108
0.99,5.46541632086328,1.73562537836731,8.00625462898979,3.44981922797534,8.71787622588947,-0.261706085852929,2.49394551257012,2.50763918757087,-11.0005366282582,-5.6584339052892
1,5.54546396698214,1.77024731824319,8.00309327230172,3.47447381831114,8.72476190158165,-0.370246260808664,2.43687894500173,2.46484508361794,-10.7329716403541,-5.74551270561351
1.01,5.62547461686015,1.80511293519887,7.99885984994993,3.49855324327512,8.73050019730668,-0.47611426579569,2.37893477601191,2.42611118100821,-10.4652080956571,-5.83028977173579
1.02,5.70543768348205,1.84021643409644,7.99358109232275,3.5220488443759,8.73511114650005,-0.579308659744012,2.32013638221393,2.39136600195937,-10.1973717101986,-5.91273046008262
1.03,5.78534284718777,1.87555193438753,7.98728373798792,3.54495219857074,8.73861474155246,-0.679829244035512,2.26050747631343,2.36052152108699,-9.92958542411495,-5.99280173859323
1.04,5.86518005569248,1.91111347248426,7.97999452140647,3.56725512154649,8.74103092683448,-0.777677034873562,2.20007209112022,2.3334735431746,-9.66196943000907,-6.07047216726894
1.05,5.94493952398529,1.94689500416232,7.97174016092158,3.58894967084162,8.74237959214104,-0.872854235935559,2.13885456375463,2.31010245705351,-9.39464120119096,-6.14571187880425
1.06,6.02461173410918,1.9828904069944,7.96254734701949,3.61002814881137,8.74268056655037,-0.965364211307232,2.07687952004763,2.29027435065455,-9.12771551979758,-6.21849255929939
1.07,6.10418743482476,2.01909348281259,7.9524427308596,3.63048310543779,8.7419536126927,-1.05521145869738,2.01417185913392,2.27384245291824,-8.86130450479246,-6.28878742905433
1.08,6.18365764116086,2.05549796019802,7.94145291307114,3.65030734098671,8.74021842142332,-1.14240158293201,1.95075673823716,2.26064885120694,-8.59551763984449,-6.35657122344464
1.09,6.26301363385427,2.09209749699637,7.92960443281333,3.66949390851349,8.7374946068945,-1.22694126972652,1.88665955764662,2.25052641971106,-8.33046180108619,-6.4218201738786
1.1,6.34224695868143,2.12888568285766,7.91692375709664,3.68803611621956,8.73380170202078,-1.30883825973479,1.82190594588424,2.24330088614835,-8.0662412847516,-6.48451198883609
1.11,6.42134942568464,2.16585604179889,7.90343727036205,3.70592752966151,8.72915915433159,-1.38810132287405,1.75652174506154,2.23879296127148,-7.80295783469319,-6.54462583498908
1.12,6.50031310829529,2.20300203478804,7.88917126431571,3.72316197381472,8.72358632220514,-1.46474023292406,1.69053299642536,2.23682045813904,-7.54071066977856,-6.60214231840365
1.13,6.57913034235681,2.24031706234794,7.87415192801623,3.73973353499339,8.71710247147731,-1.53876574239984,1.62396592609175,2.23720033503716,-7.27959651116639,-6.65704346582363
1.14,6.65779372504958,2.27779446717871,7.85840533821195,3.75563656262892,8.70972677241905,-1.61018955769607,1.5568469309671,2.23975060624506,-7.01970960946199,-6.70931270603581
1.15,6.73629611372063,2.31542753679722,7.84195744992534,3.7708656709083,8.7014782970754,-1.67902431450284,1.48920256485582,2.24429207721831,-6.76114177175198,-6.75893485131698
1.16,6.81463062462027,2.35320950619227,7.82483408728194,3.78541574027458,8.69237601695923,-1.74528355349068,1.42105952475365,2.25064987392045,-6.50398238851852,-6.80589607896239
1.17,6.89279063154832,2.39113356049407,7.80706093458101,3.79928191879128,8.68243880109243,-1.80898169626418,1.3524446373258,2.25865474883838,-6.24831846043357,-6.85018391289579
1.18,6.97076976441213,2.42919283765672,7.7886635276055,3.81245962337235,8.67168541438725,-1.87013402158297,1.28338484556926,2.26814415779045,-5.99423462503114,-6.89178720536159
1.19,7.04856190769903,2.46738043115232,7.76966724516822,3.82494454087976,8.66013451635977,-1.9287566418485,1.21390719565813,2.27896311140512,-5.74181318326064,-6.93069611869805
1.2,7.12616119886527,2.50568939267537,7.7500973008921,3.83673262909051,8.64780466016797,-1.98486647985582,1.14403882397167,2.29096481282663,-5.49113412591842,-6.96690210719263
1.21,7.20356202664403,2.54411273485626,7.72997873522137,3.84782011753469,8.63471429196585,-2.03848124580903,1.07380694430368,2.30401109874713,-5.24227515995952,-7.00039789901879
1.22,7.28075902927464,2.58264343398241,7.70933640766141,3.85820350820666,8.62088175056542,-2.08961941459898,1.00323883525288,2.31797270441835,-4.99531173468827,-7.03117747825456
1.23,7.3577470926553,2.62127443272596,7.68819498924449,3.86787957615102,8.60632526739783,-2.13830020334234,0.932361827793218,2.3327293751183,-4.75031706782868,-7.05923606698288
1.24,7.43452134842164,2.65999864287675,7.6665789552188,3.87684536992514,8.59106296676458,-2.18454354918059,0.861203293023358,2.34816984696184,-4.50736217147425,-7.08457010747339
1.25,7.51107717195324,2.69880894807914,7.64451257795819,3.88509821194008,8.5751128663698,-2.22837008733778,0.789790630094552,2.36419171928313,-4.26651587791703,-7.10717724444633
1.26,7.58741018031035,2.73769820657187,7.62201992009009,3.89263569868176,8.55849287812415,-2.26980112943611,0.718151254316084,2.38070123939674,-4.02784486535636,-7.12705630741789
1.27,7.66351623010293,2.77665925392933,7.59912482783893,3.89945570081397,8.5412208092104,-2.30885864206757,0.646312585437453,2.39761301863853,-3.79141368348665,-7.14420729312746
1.28,7.73939141529428,2.81568490580343,7.57585092458262,3.90555636316514,8.52331436340108,-2.34556522562102,0.57430203610652,2.41484969642392,-3.55728477896498,-7.15863134804654
1.29,7.8150320649412,2.85476796066467,7.55222160461948,3.91093610460057,8.50479114261776,-2.37994409336313,0.502147000502762,2.43234156681334,-3.32551852075813,-7.17033075096949
1.3,7.8904347408729,2.89390120254141,7.528260027143,3.91559361778186,8.48566864872139,-2.41201905077205,0.429874843144832,2.45002617987157,-3.09617322536878,-7.17930889568602
1.31,7.96559623531068,2.93307740375616,7.50398911042222,3.91952786881528,8.46596428552323,-2.44181447512273,0.357512887871709,2.46784792803634,-2.86930518194123,-7.18557027373551
1.32,8.04051356843047,2.97228932765785,7.47943152618475,3.92273809679082,8.44569536100494,-2.46935529532275,0.285088406996478,2.48575762582403,-2.6449686772466,-7.1891204572432
1.33,8.11518398587011,3.01152973134884,7.4546096942004,3.92522381321368,8.42487908973692,-2.49466697199679,0.212628610631944,2.50371208952445,-2.42321602054768,-7.18996608183801
1.34,8.18960495618356,3.05079136840588,7.4295457770626,3.92698480132978,8.40353259548291,-2.51777547781969,0.140160636187531,2.52167372208354,-2.20409756834266,-7.18811482965249
1.35,8.26377416824384,3.09006699159363,7.40426167516521,3.92802111534722,8.38167291397928,-2.53870727809562,0.0677115380361892,2.5396101071304,-1.98766174898912,-7.18357541240413
1.36,8.33768952859672,3.12934935557,7.37877902187254,3.92833307955516,8.35931699587673,-2.55748931158342,-0.00469172264905803,2.5574936150702,-1.77395508720633,-7.17635755455926
1.37,8.4113491587671,3.16863121958215,7.35311917887962,3.92792128734196,8.33648170983188,-2.57414897156563,-0.0770222878900139,2.57530102330663,-1.56302222845835,-7.16647197657804
1.38,8.48475139251986,3.20790535015213,7.32730323176077,3.92678660011423,8.31318384573615,-2.58871408716124,-0.149253412730244,2.59301315196793,-1.35490596321515,-7.15393037824199
1.39,8.55789477307718,3.24716452375126,7.30135198570367,3.92493014611836,8.28944011806875,-2.60121290487968,-0.221358474895245,2.61061451595607,-1.14964725109462,-7.13874542206289
1.4,8.63077805029415,3.28640152946223,7.27528596142684,3.9223533191664,8.2652671693606,-2.61167407041628,-0.29331098428608,2.62809299371,-0.947285244882348,-7.12093071677407
1.41,8.70340017779438,3.32560917162803,7.24912539127781,3.91905777726779,8.2406815737554,-2.6201266106865,-0.365084592307851,2.6454395127404,-0.747857314432743,-7.10050080090327
1.42,8.77576031006754,3.36478027248666,7.22289021550993,3.91504544116858,8.21569984065411,-2.62659991609902,-0.436653101033484,2.66264775174891,-0.551399070447775,-7.07747112642758
1.43,8.84785779953051,3.40390767479081,7.19660007873512,3.91031849279992,8.19033841842834,-2.6311237230655,-0.507990472203708,2.67971385896475,-0.357944388136558,-7.05185804251048
1.44,8.91969219355402,3.44298424441161,7.17027432655041,3.9048793736373,8.16461369818841,-2.63372809674654,-0.579070836064154,2.69663618620907,-0.167525430753298,-7.02367877932056
1.45,8.99126323145627,3.4820028729255,7.1439320023358,3.89873078297229,8.13854201759095,-2.63444341403206,-0.649868500040158,2.71341503811734,0.0198273269843643,-6.99295143193253
1.46,9.0625708414655,3.52095648018338,7.1175918442212,3.89187567609834,8.1121396646711,-2.63330034675524,-0.720357957250407,2.73005243590581,0.204085075598142,-6.95969494430989
1.47,9.13361513765303,3.55983801686119,7.09127228222013,3.88431726241212,8.08542288168382,-2.63032984513893,-0.79051389485976,2.74655189504858,0.385220647672873,-6.92392909337026
1.48,9.20439641683843,3.59864046699115,7.06499143552753,3.8760590034324,8.0584078689383,-2.62556312147259,-0.860311202272744,2.76291821623313,0.563208494799575,-6.88567447313184
1.49,9.27491515546848,3.6373568504727,7.03876710998,3.86710461073751,8.03111078860973,-2.6190316340196,-0.929724979167681,2.77915728897875,0.738024664640282,-6.84495247894283
1.5,9.34517200647159,3.67598022556248,7.01261679567567,3.85745804382344,8.00354776851183,-2.61076707115302,-0.99873054337304,2.79527590732706,0.909646778112741,-6.80178529179224
1.51,9.41516779608916,3.71450369134244,6.98655766475143,3.84712350788392,7.97573490581338,-2.60080133571864,-1.06730343858634,2.81128159704681,1.07805400669634,-6.75619586270327
1.52,9.48490352068552,3.75292039016542,6.96060656931563,3.83610545151404,7.94768827068196,-2.58916652962449,-1.13541944193672,2.82718245383202,1.24322704985756,-6.70820789720848
1.53,9.55438034353788,3.79122351007737,6.93478003953371,3.82440856433909,7.91942390983747,-2.57589493865523,-1.20305457139152,2.84298699200958,1.40514811259729,-6.65784583990729
1.54,9.62359959160805,3.82940628721549,6.9090942818644,3.81203777457017,7.89095784999776,-2.56101901751033,-1.27018509300834,2.85870400331167,1.56380088311717,-6.60513485910566
1.55,9.69256275229713,3.86746200818156,6.88356517744465,3.79899824648786,7.8623061011987,-2.54457137506495,-1.33678752803296,2.87434242530434,1.7191705106085,-6.55010083153762
1.56,9.7612714701848,3.90538401238978,6.85820828062067,3.78529537785589,7.83348465997038,-2.52658475985215,-1.40283865984377,2.88991121909816,1.87124358315932,-6.4927703271694
1.57,9.82972754375471,3.94316569438836,6.8330388176232,3.77093479726605,7.80450951235102,-2.50709204576546,-1.46831554074417,2.90541925599926,2.02000810578454,-6.43317059408554
1.58,9.89793292210728,3.98080050615426,6.80807168538449,3.75592236141589,7.77539663672008,-2.48612621798005,-1.53319549860295,2.9208752127854,2.16545347857444,-6.37132954345727
1.59,9.9658897016614,4.01828195936035,6.78332145049508,3.74026415232087,7.74616200643152,-2.46372035909202,-1.59745614334429,2.9362874753186,2.30757047496509,-6.3072757345931
1.6,10.0336001228463,4.05560362761441,6.75880234829815,3.72396647446225,7.7168215922282,-2.43990763547444,-1.6610753732872,2.95166405022449,2.44635122012935,-6.24103836007201
1.61,10.1010665667853,4.09275914866924,6.73452828211915,3.70703585187249,7.68739136441814,-2.414721283848,-1.72403138133643,2.96701248438583,2.58178916948727,-6.17264723095814
1.62,10.1682915519721,4.12974222660337,6.71051282262858,3.68947902515936,7.65788729479309,-2.38819459806677,-1.78630266102441,2.982339792012,2.71387908733864,-6.10213276209897
1.63,10.2352777309416,4.16654663397163,6.68676920733609,3.67130294847042,7.62832535827004,-2.36036091611593,-1.84786801240606,2.997652389054,2.84261702561442,-6.02952595750454
1.64,10.3020278869367,4.20316621392522,6.66331034021326,3.65251478639927,7.59872153423576,-2.33125360732244,-1.9087065478065,3.01295603474284,2.96800030275079,-5.95485839581021
1.65,10.3685449305709,4.23959488230038,6.64014879144344,3.6331219108351,7.56909180757493,-2.30090605977494,-1.9687976974231,3.0282557800304,3.09002748268178,-5.87816221582104
1.66,10.4348318964903,4.27582662967541,6.61729679729628,3.61313189775696,7.53945216936194,-2.26935166795403,-2.02812121478219,3.04355592271529,3.20869835395349,-5.79947010213882
1.67,10.500891940034,4.31185552339531,6.59476626012479,3.59255252397408,7.50981861719661,-2.23662382057009,-2.08665718205161,3.05885996903243,3.32401390895925,-5.71881527087168
1.68,10.5667283338956,4.34767570956354,6.5725687484832,3.57139176381388,7.4802071551646,-2.20275588860832,-2.14438601520955,3.07417060148342,3.43597632329399,-5.63623145542592
1.69,10.6323444647862,4.38328141500046,6.5507154973631,3.54965778575909,7.45063379340263,-2.16778121357895,-2.20128846907099,3.08948965267902,3.54458893523071,-5.55175289238038
1.7,10.6977438301003,4.41866694916788,6.52921740854639,3.52735894903512,7.42111454724985,-2.13173309597326,-2.25734564217175,3.10481808496079,3.64985622531697,-5.4654143074436
1.71,10.7629300345862,4.45382670605917,6.50808505107226,3.50450380014943,7.39166543596583,-2.09464478392109,-2.31253898151214,3.12015597555972,3.75178379609101,-5.37725090149301
1.72,10.8279067870214,4.48875516605459,6.48732866181688,3.48110106938418,7.36230248099726,-2.05654946205192,-2.3668502871596,3.13550250704628,3.85037835192074,-5.2872983366974
1.73,10.8926778968941,4.52344689774138,6.46695814618332,3.45715966724353,7.33304170377492,-2.01748024055614,-2.42026171671256,3.15085596281692,3.94564767896029,-5.19559272272105
1.74,10.9572472710925,4.55789655969796,6.44698307889992,3.43268868085695,7.30389912302363,-1.97747014444604,-2.47275578962522,3.16621372735646,4.03760062523002,-5.10217060301141
1.75,11.0216189106023,4.59209890224205,6.42741270492508,3.40769737034004,7.27489075156835,-1.93655210301577,-2.52431539139448,3.18157229101051,4.1262470808155,-5.00706894116887
1.76,11.0857969072145,4.62604876914217,6.40825594045637,3.38219516511421,7.24603259262034,-1.89475893949769,-2.57492377761021,3.19692725899556,4.21159795818721,-4.91032510739948
1.77,11.1497854402427,4.65974109929213,6.38952137404225,3.35619166018641,7.21734063552827,-1.85212336091572,-2.62456457786885,3.21227336437197,4.29366517264187,-4.81197686505018
1.78,11.2135887732526,4.69317092834811,6.37121726779404,3.32969661239054,7.18883085098001,-1.80867794813277,-2.673221799552,3.22760448470097,4.37246162286232,-4.71206235722686
1.79,11.2772112508045,4.72633339032801,6.35335155869676,3.30271993659169,7.16051918564253,-1.76445514609253,-2.72087983147008,3.2429136621059,4.44800117160072,-4.61062009349545
1.8,11.3406572952088,4.75922371917261,6.33593186001623,3.27527170185465,7.13242155622749,-1.71948725425277,-2.76752344737261,3.2581931264575,4.52029862647979,-4.50768893666522
1.81,11.4039314032962,4.79183725026826,6.31896546280134,3.24736212757791,7.10455384297308,-1.67380641721111,-2.8131378093249,3.27343432140472,4.58936972091702,-4.40330808965579
1.82,11.4670381432033,4.82416942193078,6.30245933747859,3.21900157959469,7.07693188253245,-1.62744461551952,-2.85770847095328,3.28862793297472,4.65523109516714,-4.29751708244601
1.83,11.529982151175,4.85621577685019,6.28642013553797,3.19020056624207,7.04957146026257,-1.58043365668892,-2.90122138055842,3.30376392047078,4.71790027748715,-4.19035575910687
1.84,11.5927681283838,4.8879719634959,6.27085419130749,3.16096973439974,7.02248830190765,-1.53280516637983,-2.94366288409866,3.31883154940119,4.77739566542063,-4.08186426491602
1.85,11.6554008377675,4.91943373748228,6.25576752381533,3.13131986549946,6.99569806467476,-1.48459057978147,-2.98501972804273,3.33381942618075,4.83373650720418,-3.97208303355678
1.86,11.7178851008856,4.95059696289409,6.24116583873677,3.1012618715067,6.9692163276997,-1.43582113317398,-3.02527906209466,3.34871553435304,4.88694288329252,-3.861052774399
1.87,11.7802257947962,4.98145761357161,6.22705453042503,3.07080679087574,6.94305858190578,-1.3865278556762,-3.06442844178972,3.36350727209201,4.93703568800631,-3.74881445986344
1.88,11.8424278489532,5.0120117743552,6.21343868402319,3.03996578447946,6.91724021925809,-1.33674156117511,-3.10245583096362,3.37818149075106,4.98403661129837,-3.63540931286933
1.89,11.9044962421249,5.04225564228901,6.20032307765656,3.00875013151476,6.89177652142107,-1.286492840438,-3.13934960409455,3.39272453423894,5.02796812064347,-3.52087879436481
1.9,11.9664359993352,5.07218552778373,6.18771218470251,2.97717122538576,6.86668264782791,-1.23581205340379,-3.17509854852044,3.40712227901416,5.06885344304541,-3.40526459094091
1.91,12.0282521888279,5.10179785573793,6.17561017613666,2.945240569565,6.8419736231744,-1.1847293216547,-3.20969186653058,3.42136017450092,5.10671654716773,-3.28860860252845
1.92,12.0899499190547,5.13108916661794,6.16402092295355,2.9129697734345,6.81766432435275,-1.13327452106465,-3.24311917733359,3.43542328374295,5.141582125583,-3.17095293017811
1.93,12.1515343356875,5.16005611749617,6.15294799865974,2.88037054810775,6.79376946684368,-1.08147727462549,-3.27537051890211,3.44929632412532,5.17347557714436,-3.05233986392415
1.94,12.2130106186568,5.18869548304733,6.14239468183804,2.84745470223401,6.77030359058933,-1.02936694544855,-3.30643634969486,3.46296370800584,5.20242298947617,-2.93281187073146
1.95,12.2743839792151,5.21700415650287,6.13236395878061,2.81423413778577,6.74728104537155,-0.976972629939844,-3.33630755025737,3.47640958311242,5.22845112158707,-2.81241158252577
1.96,12.3356596570278,5.24497915056301,6.1228585261896,2.78072084583101,6.72471597572506,-0.924323151149379,-3.36497542470148,3.48961787257511,5.25158738660229,-2.69118178430732
1.97,12.3968429172909,5.27261759826653,6.11388079394318,2.74692690229107,6.70262230541732,-0.871447052291427,-3.39243170206543,3.50257231447489,5.271859834617,-2.56916540234831
1.98,12.4579390478766,5.299916753818,6.10543288792603,2.71286446368588,6.68101372153197,-0.818372590436376,-3.41866853755426,3.51525650080345,5.28929713567142,-2.44640549247339
1.99,12.5189533565083,5.3268739933725,6.09751665292145,2.67854576286687,6.65990365819405,-0.765127730372174,-3.44367851366207,3.52765391574093,5.30392856284543,-2.32294522842456
2,12.5798911679642,5.35348681577751,6.09013365556453,2.64398310473976,6.63930527998142,-0.711740138632408,-3.46745464117641,3.53974797316932,5.31578397547431,-2.19882789030865
2.01,12.6407578213102,5.37975284327206,6.08328518735374,2.60918886197761,6.61923146506794,-0.658237177694031,-3.48999036006661,3.55152205335353,5.32489380248525,-2.0740968531295
2.02,12.7015586671648,5.40566982214293,6.07697226772015,2.57417547072567,6.59969478814934,-0.60464590033896,-3.51127954025533,3.56295953872793,5.33128902585436,-1.94879557540317
2.03,12.7622990649931,5.43123562333785,6.07119564715198,2.53895542629893,6.58070750320434,-0.55099304418142,-3.5313164822754,3.5740438487414,5.33500116418578,-1.82296758785741
2.04,12.8229843804341,5.45644824303565,6.06595581037293,2.50354127887407,6.56228152614802,-0.497305026358256,-3.55009591781258,3.58475847372048,5.33606225640931,-1.69665648221463
2.05,12.8836199826582,5.48130580317342,6.06125297957321,2.46794562917609,6.54442841743681,-0.443607938381796,-3.56761301013405,3.59508700771944,5.33450484560055,-1.56990590005913
2.06,12.9442112417592,5.50580655193024,6.05708711769072,2.43218112416159,6.52715936468712,-0.389927541153705,-3.58386335440505,3.60501318033618,5.33036196292052,-1.4427595217877
2.07,13.0047635261775,5.52994886416805,6.05345793174169,2.3962604526993,6.51048516537263,-0.336289260138743,-3.59884297789325,3.61452088747821,5.32366711167891,-1.31526105564543
2.08,13.0652822001585,5.55373124182911,6.05036487619874,2.36019634124908,6.49441620966696,-0.282718180697016,-3.61254834006156,3.62359422107087,5.31445425151361,-1.18745422684439
2.09,13.1257726212436,5.57715231429031,6.04780715641451,2.3240015495407,6.47896246350032,-0.229239043574111,-3.62497633255195,3.6322174977086,5.30275778269545,-1.0593827667668
2.1,13.186240137797,5.60021083867427,6.0457837320901,2.28768886625321,6.4641334519009,-0.175876240546791,-3.63612427905807,3.64037528625064,5.28861253055143,-0.931090402253232
2.11,13.2466900865659,5.62290570011724,6.04429332078575,2.25127110469615,6.44993824269155,-0.122653810224518,-3.64598993509094,3.64805243437468,5.27205373000854,-0.802620844973667
2.12,13.3071277902775,5.64523591199382,6.04333440147319,2.21476109849391,6.43638543061486,-0.0695954340036515,-3.65457148763579,3.65523409410049,5.25311701025997,-0.674017780884076
2.13,13.3675585552707,5.66720061609857,6.04290521812745,2.17817169727352,6.4234831219577,-0.0167244321761988,-3.66186755470173,3.66190574630326,5.23183837955217,-0.545324859767012
2.14,13.4279876691642,5.68879908278447,6.0430037833568,2.14151576235801,6.41123891974807,0.0359362398120879,-3.66787718476638,3.66805322424056,5.2082542100909,-0.416585684856814
2.15,13.4884203985615,5.71003071105839,6.04362788206962,2.1048061624657,6.39965990959542,0.0883639949523621,-3.67259985611322,3.67366273611593,5.18240122307043,-0.287843802549284
2.16,13.548861986792,5.73089502863355,6.04477507517584,2.06805576941653,6.38875264624356,0.140536618114657,-3.67603547606687,3.6787208867123,5.15431647382079,-0.159142692194909
2.17,13.6093176516898,5.75139169193916,6.04644270332306,2.03127745384661,6.37852314090607,0.192432269340794,-3.67818438012146,3.6832146981208,5.1240373370824,-0.0305257559805422
2.18,13.6697925834101,5.77152048608711,6.04862789066369,1.99448408093218,6.36897684944816,0.244029486993339,-3.67904733096936,3.68713162960519,5.09160149239152,0.0979636911101119
2.19,13.7302919422825,5.79128132479614,6.05132754865374,1.95768850612363,6.36011866147985,0.295307190756586,-3.6786255174249,3.6904595966305,5.05704690959655,0.226282431245343
2.2,13.7908208567044,5.81067425027318,6.05453837988055,1.92090357089073,6.3519528904194,0.346244684494315,-3.67692055324848,3.69318698909786,5.02041183449055,0.35438735361243
2.21,13.8513844210703,5.82969943305241,6.05825688191826,1.88414209848059,6.34448326458324,0.396821658965732,-3.6739344758698,3.69530268882117,4.9817347745635,0.482235464199586
2.22,13.9119876937418,5.84835717179189,6.06247935121015,1.84741688968807,6.3377129193546,0.447018194397235,-3.66966974501072,3.69679608628461,4.94105448488048,0.609783895491557
2.23,13.9726356950554,5.86664789302787,6.06720188697559,1.81074071864149,6.3316443904776,0.496814762915791,-3.6641292412098,3.69765709672216,4.89840995407599,0.736989916080374
2.24,14.0333334053705,5.88457215088719,6.07242039514063,1.77412632860262,6.32627960851881,0.546192230841913,-3.65731626424911,3.69787617555985,4.85384039047274,0.863810940191954
2.25,14.0940857631554,5.90213062675767,6.07813059229121,1.73758642778365,6.3216198945337,0.595131860844415,-3.64923453148237,3.69744433325986,4.80738520831979,0.990204537125161
2.26,14.1548976631144,5.91932412891675,6.08432800964688,1.70113368518102,6.3176659569679,0.643615313959011,-3.6398881760683,3.6963531496117,4.75908401415319,1.11612844060756
2.27,14.2157739543538,5.93615359211859,6.09100799705416,1.66478072642734,6.31441788981864,0.691624651470582,-3.62928174510699,3.69459478750899,4.70897659327632,1.24154055806429
2.28,14.2767194385883,5.9526200771398,6.09816572699797,1.62854012966263,6.3118751720748,0.739142336660454,-3.61742019768203,3.6921620062562,4.65710289636283,1.36639897980162
2.29,14.3377388683872,5.96872477028394,6.10579619863008,1.59242442142561,6.31003666844799,0.786151236421605,-3.60430890280856,3.68904817444721,4.60350302618102,1.49066198810438
2.3,14.3988369454621,5.98446898284499,6.11389424181251,1.55644607256592,6.30890063139958,0.832634622740578,-3.58995363728789,3.68524728245784,4.54821722443676,1.61428806624864
2.31,14.4600183189932,5.99985415053025,6.12245452117605,1.52061749417814,6.30846470446412,0.878576174049633,-3.57436058346981,3.68075395459549,4.49128585874297,1.7372359074261
2.32,14.5212875839981,6.01488183284243,6.13147154019065,1.48495103355905,6.30872592686003,0.923959976447719,-3.55753632692322,3.67556346094794,4.4327494097043,1.85946442358578
2.33,14.5826492797404,6.02955371242162,6.14093964524779,1.44945897018809,6.3096807393746,0.968770524794581,-3.53948785401627,3.66967172897515,4.37264845812774,1.98093275418615
2.34,14.6441078881793,6.04387159434713,6.15085302975358,1.41415351173304,6.31132499150343,1.01299272367597,-3.52022254940603,3.66307535488517,4.31102367235395,2.10160027486242
2.35,14.7056678324602,6.05783740539946,6.16120573822995,1.37904679008108,6.31365394981627,1.0566118882443,-3.49974819343895,3.65577161483843,4.24791579570858,2.22142660600781
2.36,14.7673334754466,6.07145319328287,6.17199167042456,1.34415085739596,6.31666230751878,1.09961374493378,-3.47807295946372,3.64775847602332,4.18336563407563,2.34037162126799
2.37,14.8291091182927,6.08472112580838,6.18320458542638,1.30947768220289,6.32034419517049,1.14198443205064,-3.45520541105569,3.63903460764453,4.11741404359346,2.45839545594724
2.38,14.8909989990575,6.09764349003811,6.19483810578786,1.27503914550172,6.32469319251796,1.18371050024376,-3.43115449915494,3.62959939186938,4.05010191847168,2.57545851533046
2.39,14.9530072913603,6.11022269139059,6.20688572164906,1.24084703690878,6.32970234139144,1.22477891285142,-3.40592955911872,3.619452934774,3.98147017892899,2.69152148291663
2.4,15.0151381030769,6.1224612527078,6.21934079486691,1.20691305082882,6.33536415961677,1.26517704612874,-3.37954030768782,3.60859607733225,3.91155975925486,2.8065453285647
2.41,15.0773954750774,6.13436181328405,6.23219656314507,1.17324878265803,6.34167065588286,1.30489268935721,-3.3519968398697,3.59703040649288,3.84041159598986,2.92049131655424
2.42,15.1397833800056,6.1459271278571,6.24544614416393,1.13986572501799,6.3486133455049,1.34391404483565,-3.32330962573747,3.58475826638643,3.768066616232,3.03332101355555
2.43,15.2023057210992,6.1571600655616,6.25908253971067,1.10677526402278,6.35618326702147,1.38222972775426,-3.29348950714634,3.57178276970628,3.69456572606001,3.1449962965167
2.44,15.2649663310516,6.16806360884557,6.27309863980752,1.07398867557889,6.36437099955892,1.41982876595538,-3.26254769436831,3.55810780930853,3.61994979908393,3.2554793604585
2.45,15.3277689709148,6.17864085235,6.28748722683624,1.04151712171932,6.37316668089446,1.45670059957776,-3.23049576264539,3.54373807007234,3.54425966511253,3.36473272618383
2.46,15.3907173290437,6.18889500175181,6.30224097965889,1.00937164697283,6.38256002614974,1.49283508059129,-3.19734564866377,3.52867904106808,3.46753609894614,3.47271924789977
2.47,15.4538150200815,6.19882937257098,6.31735247773435,0.977563174768187,6.39254034704507,1.52822247221495,-3.16310964694613,3.51293702807016,3.38981980929201,3.57940212074947
2.48,15.517065583986,6.20844738894157,6.33281420522664,0.946102503875812,6.40309657164097,1.56285344823072,-3.12780040616817,3.49651916646719,3.31115142779886,3.68474488825696
2.49,15.5804724850973,6.21775258234763,6.34861855510733,0.915000304885809,6.41421726449878,1.59671909218339,-3.0914309253953,3.47943343460302,3.23157149821614,3.78871144968432
2.5,15.6440391112468,6.22674859032381,6.36475783324859,0.884267116724824,6.42589064718815,1.62981089647468,-3.05401455024321,3.46168866759632,3.15112046567567,3.89126606729765
2.51,15.7077687729057,6.23543915512163,6.38122426250721,0.85391334321092,6.43810461907263,1.66212076134963,-3.01556496896204,3.44329457167703,3.06983866609375,3.99237337354763
2.52,15.771664702376,6.24382812234118,6.39800998679739,0.823949249648668,6.45084677830405,1.69364099377854,-2.97609620844491,3.42426173908002,2.9877663156994,4.09199837815758
2.53,15.835730053021,6.25191943952933,6.41510707515224,0.794384959463998,6.46410444295967,1.72436430623311,-2.93562263016253,3.40460166353322,2.9049435006806,4.19010647512524
2.54,15.8999678985372,6.25971715474404,6.43250752577243,0.765230450880606,6.47786467225689,1.75428381536128,-2.89415892602318,3.38432675637536,2.82141016695653,4.28666344963372
2.55,15.9643812322655,6.26722541508607,6.45020327006089,0.736495553637983,6.49211428778273,1.78339304055743,-2.85172011416045,3.36345036333465,2.73720611007265,4.3816354848724
2.56,16.0289729665434,6.27444846519801,6.46818617664294,0.70818994575138,6.50683989467838,1.81168590243538,-2.80832153464868,3.34198678199879,2.6523709652161,4.47498916876985
2.57,16.0937459320982,6.28139064573071,6.48644805537076,0.680323150316112,6.52202790272161,1.8391567211974,-2.76397884514643,3.31995127999532,2.566944197358,4.56669150063441
2.58,16.1587028774783,6.28805639177853,6.50498066131001,0.652904532354739,6.5376645472513,1.86580021491072,-2.7187080164707,3.29736011390672,2.48096509151363,4.65670989770739
2.59,16.2238464685251,6.29445023128296,6.52377569871098,0.625943295709519,6.55373590988649,1.8916114976809,-2.67252532810041,3.27423054892242,2.39447274313126,4.74501220162294
2.6,16.2891792878855,6.30057678340552,6.54282482495843,0.599448479979887,6.57022793898678,1.91658607773269,-2.62544736361081,3.25058087923524,2.30750604860238,4.83156668477866
2.61,16.354703834562,6.30644075687019,6.56211965450303,0.573428957506262,6.58712646981381,1.94071985539715,-2.57749100604115,3.22643044917378,2.22010369589136,4.91634205661656
2.62,16.4204225235035,6.31204694827581,6.58165176277303,0.547893430400012,6.6044172443516,1.96400912100092,-2.52867343319333,3.20179967504411,2.13230415529603,4.99930746980966
2.63,16.4863376852342,6.31740024037944,6.60141269006219,0.522850427621412,6.62208593074553,1.9864505526679,-2.479012112866,3.17671006765348,2.04414567032781,5.08043252636069
2.64,16.552451565522,6.32250560035016,6.62139394539683,0.498308302105356,6.64011814232886,2.00804121402847,-2.42852479802095,3.15118425545692,1.95566624871213,5.15968728360688
2.65,16.6187663250845,6.32736807799477,6.64158701038038,0.474275227935214,6.65849945620531,2.02877855183519,-2.3772295218864,3.12524600825515,1.86690365352309,5.2370422601333
2.66,16.6852840393345,6.33199280395525,6.66198334301001,0.45075919756731,6.67721543135568,2.04866039349689,-2.32514459299558,3.09892026135224,1.77789539443069,5.3124684415954
2.67,16.7520066981626,6.33638498787913,6.68257438147348,0.427768019103763,6.69625162625282,2.06768494451772,-2.27228859016109,3.07223314004024,1.68867871908091,5.38593728644609
2.68,16.8189362057578,6.34054991656219,6.70335154791472,0.405309313617343,6.71559361595352,2.08585078585645,-2.21868035738943,3.04521198426705,1.59929060459481,5.45742073157417
2.69,16.8860743804664,6.34449295206504,6.72430625217563,0.383390512526541,6.73522700865707,2.10315687119668,-2.16433899873131,3.01788537328558,1.50976774919524,5.52689119784636
2.7,16.9534229546867,6.34821952980393,6.74542989551047,0.362018855022858,6.75513746171301,2.11960252413332,-2.10928387307249,2.9902831500572,1.42014656395983,5.59432159555674
2.71,17.0209835748024,6.35173515661565,6.76671387426882,0.341201385550724,6.77531069706208,2.13518743527921,-2.05353458886469,2.96243644513057,1.3304631646931,5.65968532978466
2.72,17.0887578011512,6.35504540879769,6.78814958355288,0.320944951339826,6.79573251610742,2.14991165928748,-1.99711099879656,2.93437769965872,1.24075336393017,5.72295630565468
2.73,17.1567471080311,6.3581559301239,6.80972842084117,0.301256199991794,6.81638881400155,2.16377561179601,-1.94003319440735,2.90614068716667,1.15105266306046,5.78410893350792
2.74,17.2249528837417,6.36107242983664,6.83144178958407,0.282141577120319,6.83726559335057,2.17678006629055,-1.88232150064255,2.87776053360614,1.06139624458309,5.84311813397214
2.75,17.2933764306618,6.36380068061512,6.85328110276555,0.263607324046771,6.85834897732789,2.18892615089132,-1.82399647035168,2.84927373516678,0.971818964482195,5.89995934294211
2.76,17.3620189653626,6.36634651652127,6.87523778643374,0.245659475550491,6.87962522220026,2.2002153450635,-1.76507887873361,2.82071817323255,0.882355344731074,5.95460851646218
2.77,17.4308816187558,6.36871583092319,6.89730328319718,0.228303857675317,6.90108072926495,2.21064947625213,-1.70558971772176,2.79213312577534,0.793039565922651,6.00704213551438
2.78,17.4999654362763,6.37091457439737,6.9194690556884,0.211546085592596,6.92270205620312,2.22023071644085,-1.64555019031996,2.76355927439408,0.703905460026299,6.05723721070884
2.79,17.5692713781002,6.37294875260902,6.94172658999049,0.195391561520961,6.94447592785047,2.2289615786406,-1.58498170488154,2.73503870610001,0.614986503270479,6.10517128687929
2.8,17.6388003193957,6.37482442417303,6.96406739903121,0.179845472703536,6.96638924639596,2.23684491330496,-1.52390586933699,2.70661490884425,0.52631580915482,6.15082244758098
2.81,17.7085530506083,6.37654769849379,6.98648302593794,0.164912789443347,6.98842910100982,2.24388390467494,-1.4623444853696,2.67833275967534,0.437926121584822,6.19416931949162
2.82,17.7785302777804,6.37812473358639,7.00896504735744,0.150598263197801,7.01058277691352,2.25008206705548,-1.40031954254092,2.6502385043061,0.349849808141304,6.23519107671455
2.83,17.8487326229014,6.37956173387918,7.03150507673785,0.136906424730483,7.03283776389891,2.25544324102221,-1.33785321236413,2.62237972675694,0.262118853470799,6.27386744498275
2.84,17.9191606242936,6.38086494799733,7.05409476757262,0.123841582324716,7.05518176430686,2.2599715895614,-1.27496784232942,2.59480530764811,0.174764852809001,6.31017870576675
2.85,17.9898147370272,6.38204066652985,7.07672581660306,0.111407820055457,7.07760270047322,2.26367159414799,-1.21168594988125,2.56756536962394,0.0878190056291176,6.34410570028036
2.86,18.0606953333697,6.38309521977876,7.09938996698649,0.0996089961226765,7.10008872166095,2.26654805075216,-1.14803021634591,2.54071120830598,0.00131210942237288,6.37562983338976
2.87,18.1318027032657,6.38403497549243,7.12207901141784,0.0884487412451083,7.12262821047866,2.26860606578947,-1.08402348081392,2.51429520714905,-0.0847254463921329,6.40473307742002
2.88,18.2031370548467,6.38486633658292,7.14478479521545,0.0779304571160515,7.14520978880874,2.26985105200437,-1.01968873397575,2.48837073453342,-0.170263686431496,6.43139797586337
2.89,18.2746985149735,6.38559573882854,7.16749921936344,0.068057314920442,7.1678223232506,2.27028872429445,-0.955049111911401,2.46299202146927,-0.255273055180809,6.45560764698354
2.9,18.346487129808,6.38622964856115,7.19021424351133,0.0588322539147893,7.19045493009267,2.26992509547631,-0.890127889837059,2.4382140183624,-0.339724422691749,6.47734578732268
2.91,18.418502865414,6.38677456034055,7.21292188893199,0.0502579800697863,7.21309697982738,2.26876647198969,-0.824948475806492,2.4140922294229,-0.423589090155985,6.49659667510181
2.92,18.4907456083886,6.38723699461449,7.23561424143635,0.0423369647760672,7.23573810122112,2.2668194495474,-0.759534404369985,2.39068252352086,-0.506838795340331,6.51334517351999
2.93,18.5632151665215,6.38762349536751,7.25828345424486,0.0350714436132257,7.25836818495189,2.26409090872715,-0.693909330192021,2.36804092057306,-0.589445717896962,6.52757673395242
2.94,18.6359112694839,6.38794062775607,7.28092175081167,0.0284634151845858,7.28097738682427,2.26058801051195,-0.628097021627188,2.34622335293282,-0.671382484536283,6.53927739904072
2.95,18.708833569544,6.3881949757339,7.30352142760803,0.0225146400141239,7.30355613058081,2.25631819177092,-0.562121354254931,2.32528540171434,-0.752622174069175,6.54843380568227
2.96,18.7819816423115,6.38839313966564,7.32607485685754,0.0172266395095158,7.32609511031552,2.25128916069288,-0.496006304375155,2.30528200856927,-0.833138322314306,6.55503318791048
2.97,18.8553549875084,6.38854173393084,7.34857448922576,0.0126006949911362,7.34858529250453,2.24550889216786,-0.429775942466039,2.28626716407499,-0.912904926872711,6.55906337967253
2.98,18.9289530297667,6.38864738451861,7.37101285646505,0.00863784678522651,7.37101791766715,2.23898562311619,-0.363454426601301,2.26829357463647,-0.991896451768124,6.5605128174989
2.99,19.0027751194522,6.38871672661319,7.39338257401024,0.00533889338417527,7.39338450166505,2.23172784777033,-0.297065995833701,2.25141231061622,-1.07008783195021,6.55937054306642
3,19.0768205335144,6.38875640217203,7.41567634352704,0.00270439067299819,7.41567683665325,2.22374431291102,-0.23063496354012,2.23567243924758,-1.14745447766484,6.55562620565166
3.01,19.1510884763606,6.38877305749582,7.43788695541504,0.000734651222337922,7.43788699169634,2.21504401305329,-0.16418571072872,2.2211206467391,-1.2239722786813,6.54927006447627
3.02,19.2255780807567,6.38877334079219,7.46000729126016,-0.000570256351113299,7.46000731305587,2.20563618558907,-0.0977426793178722,2.20780085481914,-1.29961760839292,6.54029299094371
3.03,19.3002884087502,6.38876389973365,7.48203032623717,-0.00121050795701265,7.48203042416043,2.1955303058876,-0.0313303653738317,2.19575383772074,-1.37436732776952,6.52868647076468
3.04,19.3752184526183,6.3887513790091,7.503949131467,-0.00118652453545686,7.50394922527364,2.18473608235113,0.0350266876793989,2.18501684624553,-1.44819878917852,6.51444260597039
3.05,19.4503671358385,6.38874241787164,7.5257568763198,-0.000498972493445735,7.52575689286123,2.17326345142759,0.101303895885661,2.17562324602229,-1.52108984005739,6.49755411681494
3.06,19.5257333140834,6.38874364768229,7.54744683067198,0.000851235927345901,7.54744687867514,2.16112257258623,0.167476641611193,2.16760217734415,-1.59301882645871,6.4780143435647
3.07,19.6013157762355,6.38876168944942,7.56901236710873,0.00286294235178972,7.56901290855577,2.14832382325322,0.233520280432745,2.16097824397441,-1.66396459644236,6.45581724817163
3.08,19.6771132454261,6.38880315136696,7.59044696307904,0.00553474204149484,7.59044898096847,2.1348777937097,0.299410148052608,2.15577123805651,-1.73390650332897,6.43095741583552
3.09,19.7531243800941,6.38887462634924,7.61174420299876,0.00886498373313071,7.61174936527877,2.120795281947,0.365121567245229,2.151995907709,-1.80282440881168,6.40343005644566
3.1,19.8293477750662,6.38898268956592,7.63289778030039,0.0128517695493343,7.63290859977343,2.10608728849896,0.430629854830205,2.14966177308152,-1.87069868592562,6.37323100590955
3.11,19.9057819626568,6.38913389597507,7.65390149943205,0.0174929549764641,7.65392148943808,2.09076501122724,0.495910328674305,2.14877299551579,-1.93751022186348,6.34035672736051
3.12,19.9824254137881,6.38933477785731,7.67474927780467,0.0227861489146707,7.67478310349847,2.0748398400829,0.560938314717203,2.14932830319452,-2.00324042065412,6.30480431224894
3.13,20.0592765391288,6.38959184235067,7.69543514768736,0.0287287137971934,7.69548877273292,2.05832335182783,0.625689154027798,2.15132097515638,-2.06787120568911,6.26657148131018
3.14,20.1363336902528,6.38991156898657,7.71595325804551,0.035317765780598,7.71603408655786,2.04122730473426,0.690138209880883,2.15473888402522,-2.13138502209836,6.22565658541342
3.15,20.2135951608145,6.39030040722824,7.73629787633176,0.0425501750076115,7.73641488990401,2.02356363324983,0.754260874860172,2.15956459619898,-2.19376483898343,6.18205860628864
3.16,20.291059187743,6.39076477401229,7.75646339021749,0.0504225659384931,7.75662727987751,2.00534444263232,0.818032577983812,2.16577552674306,-2.25499415148758,6.13577715712585
3.17,20.3687239524514,6.39131105129426,7.77644430927641,0.0589313177559528,7.77666760222461,1.9865820035655,0.881428791853487,2.17334414486032,-2.31505698272333,6.08681248305261
3.18,20.4465875820658,6.39194558359762,7.7962352666096,0.0680725648404017,7.79653244759561,1.96728874673681,0.944425039825227,2.1822382245956,-2.37393788554017,6.03516546148346
3.19,20.5246481506668,6.39267467556846,7.81583102041684,0.0778421973182864,7.81621864761942,1.94747725740481,1.00699690319932,2.19242113453642,-2.43162194413434,5.98083760234203
3.2,20.6029036805498,6.39350458953636,7.83522645551689,0.0882358616822066,7.83572327079757,1.92716026993327,1.06912002843137,2.20385215956115,-2.48809477551515,5.92383104815497
3.21,20.6813521434968,6.39444154308146,7.85441658480739,0.099248961482548,7.85504361821453,1.90635066230501,1.13077013436401,2.21648684734206,-2.54334253078421,5.86414857401055
3.22,20.7599914620653,6.3954917066085,7.87339655067543,0.11087665809179,7.8741772190812,1.88506145061705,1.1919230194745,2.23027737220186,-2.59735189628586,5.80179358739071
3.23,20.8388195108905,6.39666120092913,7.89216162634742,0.123113871543157,7.89312182610639,1.8633057835561,1.25255456914113,2.24517290908962,-2.65011009456872,5.73677012786582
3.24,20.9178341179984,6.39795609485355,7.91070721719037,0.135955281439435,7.91187541071389,1.84109693685026,1.31264076292753,2.26112001083055,-2.70160488519748,5.66908286665246
3.25,20.9970330661355,6.3993824027907,7.92902886194912,0.149395327937049,7.93043615809569,1.81844830771548,1.37215768188101,2.27806298239938,-2.751824565394,5.59873710603968
3.26,21.0764140941072,6.40094608235897,7.94712223393494,0.163428212802252,7.94880246212238,1.79537340926731,1.43108151584717,2.29594424664528,-2.80075797049765,5.52573877866783
3.27,21.15597489813,6.4026530320082,7.96498314215648,0.178047900540587,7.96697292010735,1.77188586493806,1.48938857079762,2.3147046967572,-2.84839447428282,5.45009444667379
3.28,21.235713133193,6.40450908865254,7.98260753239043,0.193248119600292,7.98494632742798,1.7479994028665,1.54705527617465,2.33428403155261,-2.89472398906221,5.37181130068938
3.29,21.3156264144314,6.4065200253168,7.9999914882026,0.209022363649422,8.00272167202007,1.72372785027869,1.60405819224305,2.35462107056071,-2.93973696565148,5.29089715869561
3.3,21.3957123185097,6.40869154879516,8.01713123190691,0.225363892925503,8.02029812873884,1.69908512786369,1.66037401745901,2.37565404669547,-2.98342439313348,5.20736046473206
3.31,21.4759683850113,6.41102929732371,8.03402312547371,0.242265735661123,8.03767505360361,1.67408524412647,1.71597959584711,2.39732087505315,-3.02577779844071,5.12121028745218
3.32,21.5563921178436,6.41353883826812,8.05066367137454,0.259720689580262,8.05485197791901,1.64874228974754,1.7708519243885,2.41955939710361,-3.06678924577099,5.03245631853505
3.33,21.6369809866426,6.41622566582622,8.06704951337704,0.277721323472982,8.07182860229256,1.62307043192068,1.82496816041815,2.44230760010184,-3.10645133578465,4.9411088709371
3.34,21.7177324281922,6.41909519874704,8.08317743727915,0.296259978840649,8.08860479054338,1.59708390869664,1.8783056290316,2.46550381209795,-3.14475720464476,4.84717887698941
3.35,21.7986438478476,6.42215277806625,8.09904437158816,0.315328771617013,8.10518056351389,1.57079702331188,1.93084183049785,2.48908687330229,-3.18170052283632,4.75067788633975
3.36,21.8797126209649,6.42540366485948,8.11464738814079,0.334919593963058,8.12155609278668,1.54422413852116,1.98255444768012,2.5129962849172,-3.21727549379938,4.65161806373083
3.37,21.9609360943375,6.42885303801402,8.12998370267135,0.355024116136282,8.13773169431999,1.51737967092299,2.03342135346328,2.53717233676603,-3.25147685236292,4.550012186617
3.38,22.0423115876378,6.43250599201923,8.14505067531748,0.375633788435864,8.15370782199757,1.49027808528435,2.08342061818607,2.56155621522574,-3.28429986296551,4.44587364261111
3.39,22.1238363948636,6.43636753477776,8.15984581107285,0.396739843219248,8.16948506110886,1.46293388886388,2.13253051707753,2.58609009306585,-3.31574031766395,4.33921642676677
3.4,22.2055077857889,6.44044258543476,8.17436676018106,0.418333296996253,8.18506412176036,1.43536162574308,2.18072953769639,2.61071720284624,-3.34579453394592,4.23005513868783
3.41,22.2873230074168,6.44473597223285,8.18861131847315,0.440404952596115,8.20044583222752,1.40757587115118,2.22799638737544,2.63538189551439,-3.37445935229677,4.1184049794587
3.42,22.3692792854386,6.44925243038402,8.20257742764852,0.462945401410475,8.21563113225369,1.37959122579868,2.27431000066602,2.66002968581747,-3.40173213356773,4.00428174840296
3.43,22.4513738256925,6.45399659996809,8.21626317549964,0.485945025708473,8.2306210663037,1.35142231021289,2.31964954678417,2.68460728607317,-3.42761075609503,3.88770183965226
3.44,22.533603815626,6.45897302385341,8.22966679607866,0.509394001029989,8.24541677677757,1.32308375908323,2.36399443705726,2.70906262976468,-3.45209361260697,3.76868223854056
3.45,22.6159664257583,6.46418614564106,8.24278666980932,0.533282298650186,8.26001949719489,1.29459021560744,2.40732433236983,2.73334488631902,-3.47517960686576,3.64724051779895
3.46,22.698458811146,6.46964030763593,8.25562132353882,0.55759968812108,8.27443054535244,1.26595632585469,2.44961915060818,2.75740446833573,-3.49686815008912,3.52339483356746
3.47,22.7810781128444,6.47533974884166,8.26816943053695,0.582335739886897,8.28865131646973,1.23719673313137,2.49085907410438,2.78119303240877,-3.51715915709346,3.39716392120184
3.48,22.8638214593748,6.48128860298358,8.28042981043946,0.607479827972662,8.30268327632749,1.20832607235929,2.53102455707554,2.80466347458348,-3.53605304221124,3.2685670908887
3.49,22.946685968186,6.48749089655769,8.29240142912743,0.633021132751131,8.31652795439924,1.17935896447058,2.57009633305675,2.82776992138131,-3.55355071491015,3.13762422305125
3.5,23.0296687471148,6.49395054690905,8.30408339856167,0.658948643778962,8.33018693700241,1.15031001080867,2.60805542233639,2.85046771722552,-3.56965357516119,3.00435576354658
3.51,23.1127668958486,6.5006713603373,8.31547497655099,0.685251162712988,8.34366186045703,1.12119378755406,2.64488313937829,2.8727134089946,-3.58436350852267,2.86878271865286
3.52,23.1959775073796,6.50765703023354,8.32657556647179,0.711917306296739,8.3569544042773,1.09202484015147,2.68056110024339,2.89446472834718,-3.59768288092362,2.73092664983294
3.53,23.2792976694606,6.5149111352454,8.33738471692858,0.738935509421898,8.37006628439457,1.06281767777052,2.71507123000197,2.91568057238202,-3.60961453317324,2.59080966828341
3.54,23.3627244660549,6.5224371374753,8.34790212135833,0.766294028267054,8.38299924642348,1.03358676777234,2.74839577013644,2.93632098310419,-3.62016177513987,2.44845442924579
3.55,23.4462549787813,6.53023838070856,8.35812761758103,0.793980943508049,8.39575505898217,1.00434653020143,2.78051728593698,2.95634712612068,-3.62932837962687,2.30388412609312
3.56,23.5298862883581,6.53831808867454,8.36806118729533,0.821984163601767,8.40833550707455,0.975111332298268,2.8114186738891,2.97572126891429,-3.63711857593148,2.15712248417395
3.57,23.6136154760358,6.54667936334236,8.37770295551684,0.850291428146969,8.42074238554154,0.945895483035191,2.84108316904687,2.99440675898713,-3.64353704304638,2.0081937544106
3.58,23.6974396250292,6.55532518324858,8.38705318996548,0.878890311316224,8.43297749259629,0.916713227669755,2.86949435239852,3.01236800212585,-3.64858890252999,1.8571227066487
3.59,23.7813558219425,6.56425840186033,8.39611230039159,0.907768225364348,8.44504262344294,0.88757874233381,2.89663615821473,3.02957044098992,-3.65227971102082,1.70393462275392
3.6,23.8653611581823,6.57348174597458,8.40488083785804,0.936912424207302,8.45693956400466,0.858506128632298,2.92249288139269,3.04598053419423,-3.65461545235277,1.54865528943468
3.61,23.9494527313687,6.5829978141528,8.41335949395949,0.966310007076852,8.4686700847521,0.829509408287911,2.94704918477822,3.06156573601485,-3.65560252932703,1.39131099080542
3.62,24.033627646739,6.59280907519224,8.42154909998819,0.995947922250522,8.48023593465105,0.800602517803548,2.970290106474,3.07629447682284,-3.65524775505788,1.23192850066967
3.63,24.1178830185346,6.60291786663645,8.42945062605386,1.02581297084922,8.49163883524508,0.771799303152997,2.9922010671394,3.09013614433695,-3.65355834389742,1.07053507451495
3.64,24.2022159713912,6.61332639332179,8.43706518014047,1.05589181071608,8.50288047486709,0.743113514509122,3.0127678772612,3.10306106573865,-3.65054190196426,0.907158441219216
3.65,24.2866236417066,6.62403672596563,8.44439400711784,1.08617096035807,8.51396250300486,0.714558801004696,3.03197674442216,3.11504049071759,-3.64620641719093,0.74182679445721
3.66,24.3711031790085,6.63505079979176,8.45143848769924,1.11663680297182,8.52488652482337,0.686148705514127,3.04981428053976,3.12604657544684,-3.64056024894052,0.57456878379368
3.67,24.455651747305,6.64637041319924,8.45820013733929,1.14727559053295,8.53565409584521,0.65789665949498,3.06626750908957,3.13605236752721,-3.63361211710905,0.405413505467529
3.68,24.5402665264285,6.65799722646891,8.46468060509329,1.1780734479628,8.54626671682072,0.629815977837257,3.08132387231351,3.14503179189467,-3.6253710907642,0.234390492838002
3.69,24.624944713363,6.66993276051693,8.47088167241099,1.20901637736584,8.55672582876927,0.601919853770028,3.09497123839768,3.1529596376851,-3.61584657621163,0.0615297065048255
3.7,24.709683523565,6.68217839568499,8.47680525188923,1.24009026234081,8.56703280822534,0.57422135380536,3.10719790863727,3.15981154605871,-3.60504830459101,-0.113138475919825
3.71,24.7944801922634,6.69473537058002,8.48245338597173,1.27128087235885,8.57718896268519,0.546733412710561,3.1179926245784,3.16556399895808,-3.59298631881793,-0.289583270401904
3.72,24.8793319757598,6.70760478095243,8.48782824558882,1.30257386722239,8.58719552625804,0.519468828536623,3.12734457512768,3.17019430877694,-3.57967096001868,-0.467773497436142
3.73,24.9642361526955,6.72078757862461,8.49293212876625,1.33395480158487,8.59705365555557,0.49244025767607,3.13524340365144,3.17368060893341,-3.56511285327641,-0.647677593382497
3.74,25.0491900253248,6.73428457046084,8.4977674591661,1.36540912954999,8.60676442579444,0.465660209981012,3.14167921503911,3.17600184530305,-3.54932289279947,-0.829263622182617
3.75,25.1341909207587,6.74809641738527,8.50233678458418,1.39692220933917,8.616328827142,0.439141043911269,3.14664258274295,3.17713776849206,-3.53231222634802,-1.01249928749412
3.76,25.2192361921987,6.76222363344716,8.50664277540538,1.4284793080263,8.62574776131414,0.412894961736783,3.150124555798,3.17706892693079,-3.51409223900386,-1.19735194522757
3.77,25.3043232201576,6.77666658493365,8.51068822300419,1.46006560634995,8.63502203842169,0.386934004790942,3.15211666580254,3.17577666073886,-3.49467453620782,-1.38378861652079
3.78,25.3894494136569,6.79142548953015,8.51447603809135,1.49166620359024,8.64415237407145,0.361270048773619,3.15261093388141,3.17324309635576,-3.474070925953,-1.5717760011573
3.79,25.4746122114158,6.80650041553089,8.51800924903244,1.52326612251648,8.65313938675488,0.335914799093492,3.1515998776126,3.16945114188842,-3.45229340028016,-1.76128049143924
3.8,25.5598090830162,6.82189128109914,8.52129100009671,1.55485031440766,8.66198359549029,0.310879786280445,3.14907651792679,3.16438448316189,-3.42935411582205,-1.9522681865404
3.81,25.6450375300538,6.83759785357699,8.52432454967325,1.58640366413972,8.67068541776012,0.286176361443135,3.1450343859735,3.15802758043759,-3.40526537350751,-2.14470490734435
3.82,25.7302950872727,6.85361974884729,8.52711326843938,1.61791099534123,8.6792451677344,0.261815691780453,3.13946752995916,3.15036566578077,-3.38003959734265,-2.33855621179924
3.83,25.8155793236727,6.86995643074905,8.52966063748274,1.64935707561882,8.68766305478731,0.23780875615194,3.13237052194829,3.14138474104544,-3.35368931215468,-2.53378741078937
3.84,25.9008878436083,6.88660721054067,8.53197024637355,1.68072662185354,8.69593918230865,0.214166340711263,3.12373846462942,3.13107157645734,-3.32622712034592,-2.73036358455873
3.85,25.9862182878638,6.90357124642203,8.53404579120109,1.71200430556103,8.70407354682717,0.190899034596858,3.11356699805444,3.11941370978326,-3.29766567757324,-2.92824959969536
3.86,26.0715683347067,6.92084754310769,8.53589107256286,1.74317475832235,8.71206603743971,0.168017225669416,3.10185230633592,3.10639944605376,-3.26801766724214,-3.12741012671022
3.87,26.1569357009234,6.93843495145205,8.53750999350403,1.77422257728209,8.71991643554677,0.14553109634861,3.08859112430032,3.0920178578254,-3.23729577382726,-3.32780965820298
3.88,26.2423181428323,6.95633216813831,8.53890655742686,1.80513233071298,8.72762441491686,0.123450619472818,3.07378074412534,3.07625878599378,-3.20551265491504,-3.52941252768727
3.89,26.3277134572784,6.97453773541196,8.54008486594737,1.83588856364706,8.73518954205994,0.101785554251488,3.05741902191419,3.05911284110558,-3.17268091191688,-3.73218292904381
3.9,26.4131194826011,6.99305004088274,8.5410491167145,1.86647580357246,8.74261127692699,0.0805454422772726,3.03950438425033,3.04057140520472,-3.13881305934664,-3.93608493666853
3.91,26.4985340995876,7.01186731737246,8.54180360119324,1.89687856620218,8.7498889739399,0.059739603608273,3.02003583469702,3.02062663417599,-3.1039214926928,-4.14108252632213
3.92,26.583955232397,7.03098764283066,8.5423527023947,1.92708136129764,8.75702188333287,0.0393771329166236,2.99901296026629,2.99927146061205,-3.0680184545882,-4.34713959671233
3.93,26.6693808494642,7.05040894030231,8.542700892581,1.95706869856894,8.76400915283767,0.0194668957242808,2.97643593783841,2.97649959719217,-3.03111599945275,-4.55421999183922
3.94,26.7548089643817,7.07012897795884,8.54285273092435,1.9868250936307,8.77084982968824,1.75246888616281e-05,2.95230554054308,2.95230554059509,-2.99322595630151,-4.76228752413781
3.95,26.8402376367568,7.09014536918524,8.54281286112543,2.01633507403211,8.77754286295329,-0.0189625840054779,2.92662314409438,2.92668457595639,-2.95435988975174,-4.97130599844595
3.96,26.925664973042,7.11045557273187,8.54258600899852,2.04558318533985,8.78408710619848,-0.0374652742077214,2.89939073307958,2.89963278189484,-2.91452905899217,-5.18123923682346
3.97,27.0110891273507,7.13105689292367,8.54217698001994,2.07455399729339,8.79048132047776,-0.0554826332576708,2.87061090720214,2.87114703614097,-2.87374437482117,-5.39205110428052
3.98,27.0965083022311,7.15194647993502,8.54159065684022,2.1032321100218,8.79672417764971,-0.0730069953708944,2.84028688748345,2.84122502181427,-2.83201635431461,-5.60370553543512
3.99,27.1819207494339,7.17312133012392,8.54083199675347,2.13160216031776,8.80281426400894,-0.0900309449407385,2.80842252240684,2.80986523438562,-2.78935507329607,-5.81616656213225
4,27.2673247706421,7.19457828642978,8.53990602914662,2.15964882798353,8.80875008425517,-0.106547319758718,2.77502229401444,2.77706698940176,-2.74577011630711,-6.02939834209703
4.01,27.3527187181791,7.21631403883705,8.53881785289599,2.18735684223211,8.81453006576045,-0.122549214133328,2.74009132396369,2.74283043105945,-2.70127052389747,-6.24336518863543
4.02,27.4381009956881,7.23832512490113,8.53757263375055,2.21471098814753,8.82015256316963,-0.13802998193777,2.70363537952171,2.70715654170852,-2.65586473721932,-6.45803160143642
4.03,27.5234700587964,7.26060793033848,8.53617560166563,2.24169611321941,8.82561586329785,-0.152983239548232,2.66566087950606,2.67004715241355,-2.60956053971547,-6.67336229854417
4.04,27.6088244157308,7.28315868968662,8.53463204811855,2.26829713391718,8.83091819034176,-0.167402868708981,2.62617490019059,2.63150495474416,-2.56236499547384,-6.88932224951855
4.05,27.6941626279281,7.30597348702421,8.53294732338015,2.2944990423458,8.83605771138386,-0.1812830192721,2.58518518112722,2.59153351392494,-2.51428438448946,-7.10587670986708
4.06,27.7794833106059,7.32904825676363,8.53112683377142,2.32028691294312,8.84103254220173,-0.194618111870061,2.54270013094194,2.55013728363005,-2.46532413427053,-7.3229912567875
4.07,27.8647851333123,7.35237878450441,8.52917603887028,2.3456459092552,8.84584075335095,-0.207402840468853,2.49872883304843,2.50732162263682,-2.41548874767645,-7.54063182630206
4.08,27.9500668204393,7.37596070796418,8.52710044871641,2.37056129074652,8.85048037654936,-0.21963217481908,2.45328105132986,2.46309281372625,-2.36478172681831,-7.75876475181443
4.09,28.0353271517127,7.39978951796833,8.52490562096422,2.39501841969004,8.85494941131805,-0.2313013628067,2.40636723573816,2.41745808519411,-2.31320549256421,-7.97735680419646
4.1,28.1205649626637,7.42386055951156,8.52259715802289,2.41900276810281,8.85924583189951,-0.242405932690384,2.35799852784396,2.37042563551734,-2.26076129977014,-8.19637523343968
4.11,28.2057791450453,7.44816903289621,8.5201807041644,2.44249992474222,8.8633675944294,-0.252941695234906,2.30818676633019,2.32200466180628,-2.20744914723295,-8.41578781198339
4.12,28.2909686472546,7.47270999492809,8.51766194260974,2.46549560215888,8.86731264436115,-0.262904745710478,2.25694449241385,2.27220539281868,-2.15326768304481,-8.63556287976674
4.13,28.3761324746904,7.4974783601963,8.51504659259152,2.48797564380189,8.8710789241307,-0.27229146580575,2.20428495520459,2.22103912754637,-2.09821410385881,-8.85566939109653
4.14,28.4612696901093,7.52246890241494,8.5123404063917,2.5099260311844,8.87466438105159,-0.281098525392149,2.15022211701042,2.16851828063736,-2.04228404874985,-9.07607696346093
4.15,28.5463794139378,7.54767625583876,8.50954916634895,2.5313328911029,8.87806697542261,-0.289322884166781,2.09477065856018,2.11465643622486,-1.98547148650491,-9.29675592830707
4.16,28.6314608245547,7.57309491675657,8.50667868186674,2.55218250290528,8.88128468886467,-0.296961793201487,2.03794598417111,2.05946841224152,-1.92776859631966,-9.51767738395938
4.17,28.7165131585507,7.5987192450493,8.50373478637506,2.57246130582285,8.88431553283431,-0.304012796297555,1.97976422683827,2.00297033781861,-1.86916564135948,-9.73881325073393
4.18,28.8015357109508,7.62454346582868,8.50072333428879,2.59215590634193,8.88715755733548,-0.310473731273694,1.92024225327023,1.94517974723555,-1.80965083452948,-9.96013632840098
4.19,28.8865278354076,7.65056167114619,8.49765019794282,2.61125308564283,8.88980885980553,-0.316342731058655,1.85939766882692,1.88611569484288,-1.74921019616014,-10.181620356072
4.2,28.971488944368,7.67676782177692,8.49452126451156,2.62973980707934,8.89226759416162,-0.321618224680856,1.79724882240608,1.82579889694536,-1.68782740288933,-10.4032400746799
4.21,29.0564185092011,7.70315574908191,8.49134243290482,2.64760322371089,8.8945319799894,-0.326298938082686,1.73381481125291,1.76425190851926,-1.62548362699015,-10.624971292166
4.22,29.1413160603019,7.72971915693975,8.48811961066029,2.66483068589224,8.8966003118803,-0.3303838947855,1.66911548567544,1.70149934541721,-1.56215736584887,-10.8467909515167
4.23,29.2261811871634,7.75645162376001,8.48485871080865,2.6814097489076,8.89847096887562,-0.333872416413857,1.60317145371089,1.63756816665308,-1.49782426046667,-11.0686772018251
4.24,29.3110135384119,7.7833466045705,8.48156564873257,2.69732818065177,8.90014242402326,-0.336764123031941,1.53600408568793,1.5724880367785,-1.43245690237015,-11.2906094724968
4.25,29.3958128218164,7.81039743318388,8.47824633901732,2.71257396936683,8.90161325403138,-0.339058933329129,1.46763551872064,1.50629179645934,-1.36602462817833,-11.5125685508264
4.26,29.480578804261,7.83759732443675,8.47490669227283,2.72713533142101,8.90288214897937,-0.340757064608399,1.39808866111447,1.43901608101417,-1.29849330057089,-11.7345366630775
4.27,29.5653113116931,7.86493937651467,8.47155261196848,2.74100071913832,8.90394792211111,-0.341859032621282,1.32738719669207,1.37070214420449,-1.22982507518193,-11.9564975593101
4.28,29.6500102290313,7.89241657334769,8.46818999123841,2.75415882867395,8.90480951965133,-0.342365651173226,1.25555558903036,1.30139697104636,-1.15997815178564,-12.1784366021147
4.29,29.7346755000512,7.92002178709073,8.4648247096902,2.76659860793421,8.9054660306581,-0.342278031570795,1.18261908561303,1.23115480446294,-1.0889065090609,-12.4003408595299
4.3,29.8193071272236,7.94774778068146,8.46146263020514,2.77830926454326,8.90591669688219,-0.341597581837485,1.10860372188143,1.1600392752345,-1.01655962118932,-12.6221992023179
4.31,29.9039051715413,7.97558721047625,8.45810959572718,2.78928027385669,8.90616092261184,-0.340326005716362,1.03353632520635,1.08812642909173,-0.94288215557563,-12.844002405913
4.32,29.9884697522959,8.00353262896845,8.45477142605096,2.79950138701203,8.90619828448986,-0.338465301465602,0.957444518762759,1.01550911704674,-0.86781364940201,-13.0657432572687
4.33,30.073001046827,8.03157648758908,8.451453914612,2.8089626390303,8.90602854129036,-0.336017760396781,0.880356725304441,0.942303506886622,-0.791288163990006,-13.2874166669235
4.34,30.1574992902502,8.05971113958331,8.44816282525688,2.8176543569566,8.90565164360974,-0.332985965186691,0.802302170832458,0.868658981611188,-0.713233915098844,-13.5090197865462
4.35,30.2419647751398,8.0879288429746,8.4449038890318,2.82556716804094,8.90506774348715,-0.32937278790698,0.723310888181829,0.794773599445781,-0.633572877050147,-13.7305521323555
4.36,30.3263978511776,8.11622176360962,8.44168280096254,2.83269200796275,8.9042772039084,-0.325181387819277,0.643413720488003,0.720918962641631,-0.552220358461032,-13.9520157147276
4.37,30.4107989247879,8.14458197827946,8.43850521682882,2.83902012909604,8.90328060817245,-0.320415208842623,0.562642324545465,0.647481498907564,-0.469084548119304,-14.1734151743396
4.38,30.4951684587124,8.17300147793306,8.43537674995359,2.8445431088094,8.90207876911526,-0.315077976772865,0.481029174073455,0.575033214481626,-0.384066027103,-14.3947579253299
4.39,30.5795069715846,8.20147217096584,8.43230296798997,2.84925285780913,8.90067273815334,-0.309173696130252,0.398607562852084,0.504456503121646,-0.297057246366896,-14.6160543058334
4.4,30.6638150374395,8.22998588659979,8.42928938970528,2.85314162852294,8.8990638141216,-0.302706646715617,0.315411607743665,0.437167926848777,-0.207941964461925,-14.8373177364063
4.41,30.748093285222,8.2585343783392,8.42634148179425,2.85620202351179,8.89725355190687,-0.295681379791881,0.2314762516115,0.375511295989536,-0.116594644904345,-15.058564886799
4.42,30.8323423982331,8.2871093275178,8.42346465566635,2.85842700392661,8.89524377080454,-0.288102713907597,0.146837266098428,0.323364123668943,-0.0228798066340585,-15.2798158516495
4.43,30.9165631135728,8.31570234692481,8.4206642642721,2.85980989799486,8.89303656262913,-0.279975730311308,0.0615312542864378,0.286657469495237,0.0733486731639816,-15.5010943356147
4.44,31.0007562215329,8.34430498452132,8.41794559892054,2.86034440954862,8.89063429950989,-0.271305767933805,-0.0244043467766305,0.272401159791484,0.17224831052576,-15.7224278486409
4.45,31.0849225649581,8.37290872723994,8.41531388612039,2.86002462657797,8.88803964136992,-0.262098417965821,-0.110931263675269,0.284607318881258,0.273988824143545,-15.9438479119462
4.46,31.1690630385881,8.40150500486571,8.41277428441941,2.85884502983039,8.88525554304289,-0.252359517897102,-0.198010384380941,0.320770071228513,0.378753007344726,-16.1653902754915
4.47,31.2531785883477,8.43008519401554,8.41033188128308,2.85680050141759,8.88228526102525,-0.242095145090479,-0.285601756125252,0.374404089692151,0.486737669334825,-16.3870951476364
4.48,31.3372702106358,8.45864062218751,8.40799168994648,2.85388633349125,8.87913235979154,-0.231311609783866,-0.373664583450352,0.439465905100645,0.598154650321296,-16.6090074379354
4.49,31.4213389515461,8.48716257191253,8.40575864634027,2.85009823690982,8.87580071771334,-0.220015447523291,-0.462157226384639,0.511855545098826,0.713231918826189,-16.8311770137927
4.5,31.5053859060901,8.51564228497757,8.40363760597841,2.84543234996814,8.8722945324679,-0.208213410948664,-0.551037198802641,0.589062661321475,0.832214757108353,-17.0536589720823
4.51,31.5894122173614,8.54407096675437,8.40163334090978,2.8398852471346,8.86861832598402,-0.195912460914414,-0.64026116692647,0.669564077751777,0.955367043977581,-17.2765139267238
4.52,31.6734190756925,8.57243979059968,8.39975053666429,2.83345394781869,8.86477694883528,-0.183119756888752,-0.729784948019597,0.752408742452506,1.08297264271714,-17.4998083132418
4.53,31.7574077177697,8.60073990235078,8.39799378922943,2.82613592518523,8.86077558408736,-0.169842646531692,-0.819563509250931,0.836977222077513,1.2153369048581,-17.7236147117376
4.54,31.8413794257109,8.62896242490776,8.39636760206111,2.81792911496198,8.85661975055336,-0.156088654474789,-0.909550966733117,0.922847023694013,1.35278830075909,-17.9480121893156
4.55,31.92533552613,8.65709846290611,8.39487638311107,2.80883192430214,8.85231530542687,-0.141865470136983,-0.999700584782838,1.00971633186372,1.49568018760327,-18.1730866636089
4.56,32.0092773891558,8.68513910747604,8.39352444188552,2.79884324065415,8.84786844625783,-0.127180934575585,-1.08996477535188,1.09735965008168,1.64439273001589,-18.3989312888289
4.57,32.0932064274326,8.71307544109107,8.39231598651535,2.78796244066919,8.84328571222842,-0.112043026215434,-1.18029509770446,1.18560117973486,1.79933498641172,-18.625646866034
4.58,32.1771240950814,8.74089854250449,8.3912551209127,2.77618939910421,8.83857398475242,-0.0964598454631606,-1.27064225827127,1.27429833645481,1.96094717745961,-18.8533422793542
4.59,32.2610318866448,8.76859949177803,8.39034584188197,2.7635244977837,8.83374048725888,-0.0804395979603169,-1.36095611079041,1.36333123796742,2.12970315555821,-19.0821349603221
4.6,32.3449313359875,8.79616937539894,8.38959203633621,2.7499686345516,8.82879278424709,-0.0639905764996859,-1.45118565664953,1.45259581575402,2.30611309437845,-19.3121513822313
4.61,32.4288240151788,8.82359929148575,8.38899747850748,2.73552323225944,8.82373877948775,-0.0471211413936806,-1.54127904550419,1.54199918874056,2.4907264210249,-19.5435275869919
4.62,32.5127115333492,8.85088035508576,8.38856582721496,2.72019024775957,8.81858671338695,-0.0298396991439049,-1.63118357616721,1.63145648633442,2.68413501450268,-19.7764097468782
4.63,32.5965955355085,8.87800370356156,8.38830062317229,2.70397218093601,8.813345159472,-0.0121546793115492,-1.72084569777806,1.72088862271514,2.88697669968336,-20.0109547641508
4.64,32.6804777013479,8.90496050206491,8.38820528632703,2.68687208373618,8.80802301994753,0.00592549064445757,-1.81021101128298,1.81022070941903,3.0999390654539,-20.2473309112741
4.65,32.7643597439998,8.9317419491134,8.38828311326795,2.66889356920885,8.80262952032519,0.024392412758546,-1.89922427121669,1.89938090497371,3.3237636425479,-20.4857185151458
4.66,32.8482434087947,8.95833928223859,8.38853727464831,2.65004082059489,8.79717420305994,0.0432377483637324,-1.98782938785677,1.98829956950922,3.55925047711821,-20.7263106890825
4.67,32.9321304719658,8.98474378374291,8.38897081269963,2.6303186003817,8.79166692020576,0.0624532506136314,-2.07596942969578,2.07690863581999,3.80726314484994,-20.9693141160699
4.68,33.0160227393453,9.01094678653571,8.38958663875829,2.60973225941352,8.78611782501551,0.0820307999712162,-2.16358662633045,2.16514113668829,4.06873425156181,-21.2149498880431
4.69,33.0999220450324,9.0369396800651,8.39038753087077,2.5882877459837,8.78053736249674,0.101962442990243,-2.25062237175249,2.25293084670022,4.3446714734216,-21.4634544054575
4.7,33.1838302500261,9.06271391634381,8.39137613145706,2.56599161495039,8.77493625889003,0.122240434743103,-2.33701722805045,2.34021200921857,4.63616419821373,-21.7150803426692
4.71,33.267749240846,9.08826101606026,8.3925549450258,2.54285103686079,8.76932551003445,0.142857285326539,-2.42271092962131,2.42691912771675,4.94439083225266,-21.9700976844842
4.72,33.3516809281255,9.11357257478499,8.39392633596118,2.518873807081,8.76371636861563,0.163805810830275,-2.50764238784272,2.51298680636555,5.27062684989431,-22.228794840306
4.73,33.4356272451788,9.13864026926453,8.39549252637059,2.49406835493092,8.75812033026563,0.185079189349552,-2.59174969629654,2.59834962901137,5.61625367083995,-22.4914798425328
4.74,33.5195901465464,9.16345586381562,8.39725559401722,2.46844375283054,8.75254911852208,0.206671022610133,-2.67497013657973,2.68294206854716,5.98276845941496,-22.7584816368937
4.75,33.6035716065132,9.18801121680299,8.39921747031704,2.44200972544534,8.74701466860829,0.22857540379308,-2.75724018470755,2.76669842075086,6.37179495650901,-23.0301514729217
4.76,33.6875736176208,9.21229828720848,8.4013799384157,2.41477665883737,8.74152911004016,0.250786992403674,-2.83849551822489,2.84955275833624,6.78509546189196,-23.3068644036232
4.77,33.7715981891365,9.23630914129893,8.4037446313514,2.38675560961918,8.73610474805655,0.273301096960213,-2.91867102400395,2.93143890196605,7.22458411150175,-23.5890209047023
4.78,33.8556473455191,9.26003595938201,8.40631303033077,2.3579583141011,8.73075404389262,0.296113766457798,-2.9977008068415,3.01229040599077,7.69234159929459,-23.8770486242286
4.79,33.9397231248549,9.28347104264522,8.40908646304446,2.32839719745345,8.72548959383178,0.319221891790273,-3.07551819893224,3.09204055732806,8.1906315294319,-24.1714042752602
4.8,34.0238275772799,9.3066068201093,8.41206610215793,2.29808538285016,8.72032410716162,0.342623318231405,-3.15205577021162,3.17062238633368,8.72191859292413,-24.4725756852875
4.81,34.1079627633761,9.32943585564568,8.41525296384788,2.26703670062096,8.71527038292633,0.366316970566935,-3.22724533976546,3.24796868919071,9.28888880798892,-24.7810840172538
4.82,34.1921307525581,9.35195085510914,8.4186479064911,2.23526569739144,8.71034128558702,0.390302992378075,-3.3010179882916,3.32401206148293,9.89447207928765,-25.09748617962
4.83,34.2763336214376,9.37414467354732,8.42225162946029,2.20278764521571,8.70554971956749,0.414582901459732,-3.37330407179939,3.3986849431804,10.5418673817036,-25.422377443712
4.84,34.3605734521696,9.39601032250705,8.42606467208199,2.1696185507202,8.70090860276887,0.439159763442542,-3.44403323660257,3.47191967543175,11.2345709096067,-25.7563942899741
4.85,34.4448523307903,9.41754097743605,8.43008741269258,2.1357751642042,8.69643083900915,0.464038386175915,-3.51313443576293,3.54364856998942,11.9764075874034,-26.1002175055879
4.86,34.5291723455225,9.43872998517353,8.4343200679128,2.10127498876041,8.69212928955769,0.489225537723913,-3.58053594712406,3.6138039923893,12.7715663942956,-26.4545755604666
4.87,34.6135355850916,9.45957087152264,8.43876269203915,2.06613628937249,8.68801674370013,0.514730191249293,-3.64616539310796,3.68231846038358,13.6246400190206,-26.8202482900083
4.88,34.6979441370026,9.48005734893519,8.44341517665487,2.03037810199174,8.68410588848463,0.540563800704707,-3.70994976240763,3.74912475948997,14.5406694532816,-27.198070917802
4.89,34.7824000858258,9.50018332427028,8.44827725044958,1.99402024260248,8.68040927769954,0.56674061170781,-3.77181543385713,3.81415607809143,15.525194204257,-27.5889384543556
4.9,34.8669055114514,9.51994290665049,8.45334847924848,1.95708331627316,8.67693930014768,0.593278012891599,-3.83168820263573,3.87734616494303,16.5843089409963,-27.9938105134173
4.91,34.9514624873501,9.53933041540917,8.45862826630084,1.91958872618777,8.67370814733645,0.620196933723662,-3.88949330914289,3.93862951271982,17.7247274892594,-28.4137165916759
4.92,35.0360730788085,9.55834038813394,8.46411585286935,1.88155868263583,8.67072778069964,0.64752229583789,-3.94515547072753,3.9979415718365,18.9538552631571,-28.8497618637809
4.93,35.1207393411635,9.57696758878454,8.46981031909591,1.84301621201253,8.66800989842562,0.675283526304515,-3.99859891675715,4.05521900000354,20.2798713827471,-29.3031335515437
4.94,35.2054633180249,9.59520701592591,8.4757105852581,1.80398516575302,8.66556590208124,0.703515142437947,-4.04974742726945,4.1103999538141,21.7118219394566,-29.7751079329156
4.95,35.2902470395015,9.61305391102716,8.48181541338928,1.76449022927145,8.66340686312275,0.732257419687038,-4.09852437574574,4.16342443035402,23.2597261157411,-30.2670580658449
4.96,35.3750925203983,9.63050376687194,8.4881234093868,1.72455693083964,8.66154348951082,0.761557156119389,-4.14485277642184,4.21423466838862,24.9346971706309,-30.7804623111925
4.97,35.4600017584232,9.64755233604866,8.49463302559496,1.68421165044145,8.65998609254144,0.791468549569653,-4.18865533676483,4.26277562102046,26.7490806289731,-31.3169137505339
4.98,35.5449767324024,9.66419563952559,8.50134256400993,1.64348162859425,8.65874455415875,0.822054206306196,-4.22985451574318,4.30899551432335,28.7166124265582,-31.8781306075973
4.99,35.6300194004576,9.68042997532825,8.50825018012898,1.60239497511283,8.65782829489772,0.853386304146127,-4.2683725886455,4.35284650999831,30.852600304006,-32.4659677965502
5,35.7151316982167,9.69625192730265,8.51535388763315,1.56098067782684,8.65724624278285,0.8855479366083,-4.30413171928433,4.39428549425054,33.1741322480037,-33.0824297377126
5.01,35.8003155370003,9.7116583739571,8.52265156390292,1.51926861126666,8.65700680332856,0.918634670903579,-4.33705404064571,4.43327502080205,35.7003165880621,-33.7296846007722
5.02,35.8855728020319,9.72664649740887,8.53014095667029,1.47728954525858,8.65711783107947,0.952756358114675,-4.36706174504965,4.46978444256588,38.4525591152442,-34.410080157207
5.03,35.9709053506094,9.74121379241461,8.53781969188208,1.43507515347988,8.65758660292952,0.988039242864569,-4.39407718524697,4.50379127573074,41.4548837326568,-35.1261614509639
5.04,36.0563150103435,9.75535807548142,8.54568528302344,1.39265802192973,8.65841979361873,1.02462842844087,-4.41802298791962,4.53528285095378,44.7343042433647,-35.8806905239538
5.05,36.1418035773419,9.76907749407753,8.55373514219884,1.35007165733246,8.65962345387026,1.0626907665977,-4.43882218148576,4.56425832137731,48.3212565838638,-36.676668469391
5.06,36.2273728144324,9.78237053592042,8.56196659326697,1.30735049544297,8.6612029916262,1.10241825512333,-4.45639834024094,4.59073111564284,52.2501024802519,-37.5173601223404
5.07,36.3130244493967,9.79523603836285,8.57037688747631,1.26452990926377,8.66316315700049,1.14403204534024,-4.47067574737359,4.61473194876147,56.559717834432,-38.4063217443715
5.08,36.3987601732021,9.80767319786371,8.5789632220477,1.22164621713568,8.66550803156335,1.18778718491355,-4.48157957973311,4.63631253542356,61.2941818960112,-39.347432107035
5.09,36.4845816382643,9.81968157953362,8.58772276237232,1.17873669071703,8.66824102280332,1.23397824993648,-4.48903611779619,4.65555019178131,66.503586565512,-40.3449274392059
5.1,36.5704904567253,9.83126112678248,8.59665266856222,1.13583956282343,8.67136486467805,1.28294605709356,-4.49297298487832,4.67255356611974,72.2449893478662,-41.4034407693087
5.11,36.6564842925778,9.84241394375522,8.60423550125665,1.09370669045063,8.6734689072955,0.904146768299142,-4.27804186393291,4.37254200302163,1.49918523774068,0.930936846008308
5.12,36.7425721028638,9.85313728079484,8.61335115291308,1.05097965606444,8.67723321807421,0.918905303549309,-4.26667711459959,4.36450690882016,1.45222944496572,1.34367762889906
5.13,36.828751799684,9.86343398493761,8.6226120129586,1.00838707302364,8.68137560615016,0.933185531812342,-4.25113487761087,4.35235372923932,1.40352607982277,1.76644852075242
5.14,36.9150248109328,9.87330561124168,8.63201321115821,0.965971219126459,8.68589387880088,0.946970046707065,-4.23131442827435,4.33598593866297,1.35308922747481,2.19933417078346
5.15,37.0013925149109,9.88275414259999,8.64154970396339,0.923775383637349,8.6907849038786,0.960241589242287,-4.20711419758027,4.31530691622184,1.30093428389137,2.6424187901016
5.16,37.0878562386257,9.89178199989146,8.65121627602275,0.881843875715504,8.69604459945198,0.972983061026298,-4.1784317766585,4.29022005836922,1.24707797719338,3.0957861378115
5.17,37.1744172560943,9.90039205221592,8.66100754184549,0.840222032791416,8.70166792656975,0.985177537697837,-4.14516392136693,4.26062891082836,1.19153838915372,3.55951950702729
5.18,37.2610767866136,9.90858762722883,8.67091794764497,0.798956228891939,8.70764888534654,0.996808282573511,-4.10720655701334,4.22643732405682,1.13433497679443,4.0337017108277
5.19,37.3478359931306,9.91637252153657,8.68094177325497,0.75809388292555,8.71398051443612,1.00785876050668,-4.06445478324872,4.18754963746144,1.07548859406415,4.51841506810251
5.2,37.4346959805506,9.92375101120206,8.69107313420818,0.71768346690601,8.72065489414788,1.01831265196688,-4.0168028790481,4.14387089884385,1.01502151372688,5.01374138932943
5.21,37.5216577941305,9.93072786230016,8.70130598400669,0.677774514145995,8.7276631534069,1.02815386733801,-3.96414430789696,4.09530712752462,0.952957449299902,5.51976196227633
5.22,37.6087224178603,9.93730834158578,8.71163411645148,0.638417627370927,8.73499548058608,1.03736656143565,-3.90637172306901,4.04176563169835,0.889321577119517,6.03655753760404
5.23,37.6958907728725,9.94349822721369,8.72205116818259,0.599664486812571,8.74264113853127,1.04593514822818,-3.8433769730766,3.98315539383973,0.824140558575891,6.56420831440937
5.24,37.783163715907,9.94930381957306,8.73255062132421,0.561567858206672,8.75058848383128,1.05384431583798,-3.77505110726679,3.91938754201473,0.757442562391589,7.10279392568509
5.25,37.8705420377539,9.95473195215982,8.74312580632977,0.52418160077741,8.75882499059681,1.06107904170176,-3.70128438154188,3.85037593044947,0.689257287102009,7.65239342367431
5.26,37.9580264617639,9.95979000257239,8.75376990492259,0.487560675127952,8.76733727880134,1.06762460797654,-3.62196626424816,3.77603786036486,0.619615983574477,8.21308526517078
5.27,38.0456176423709,9.96448590354282,8.76447595325931,0.451761151090068,8.77611114747841,1.07346661719066,-3.53698544220288,3.69629498235434,0.548551477741057,8.78494729672775
5.28,38.1333161636535,9.96882815409538,8.77523684516541,0.4168402155085,8.78513161278838,1.07859100809128,-3.44622982686928,3.61107443600085,0.476098193373218,9.36805673977733
5.29,38.2211225379504,9.97282583073184,8.78604533562657,0.382856179969394,8.79438295130626,1.08298407175789,-3.34958656068761,3.52031030268929,0.402292175000639,9.96249017570381
5.3,38.3090372044473,9.97648859871651,8.79689404432997,0.349868488449829,8.80384874849508,1.08663246792185,-3.24694202355158,3.4239454762959,0.327171110972358,10.5683235307724
5.31,38.3970605278757,9.97982672346347,8.80777545952196,0.317937724907779,8.81351195280728,1.0895232414955,-3.1381818394143,3.32193409792979,0.250774356611146,11.1856320610414
5.32,38.4851927972045,9.98285108195023,8.81868194186359,0.287125620819779,8.82335493527729,1.09164383937787,-3.02319088309991,3.21424476163687,0.173142957512027,11.8144903371635
5.33,38.573434224402,9.98557317423797,8.82960572856882,0.257495062626731,8.833359555076,1.09298212749718,-2.90185328720395,3.10086478768176,0.0943196729331248,12.4549722290931
5.34,38.6617849431975,9.9880051350558,8.84053893767418,0.229110099134914,8.84350723107405,1.09352640801217,-2.77405244920442,2.98180599569406,0.0143489993315598,13.1071508907467
5.35,38.7502450079212,9.99015974546683,8.85147357250389,0.202035948805587,8.85377901968106,1.09326543684756,-2.63967103866662,2.85711261727304,-0.0667228059887748,13.7710987445598
5.36,38.8388143923887,9.99205044459552,8.8624015262767,0.17633900702549,8.86415569912613,1.09218844139377,-2.49859100466892,2.72687231093182,-0.148847701109844,14.4468874659515
5.37,38.9274929888165,9.99369134143501,8.8733145869146,0.152086853259789,8.87461786046509,1.09028513848989,-2.35069358332748,2.59123175457328,-0.231975835603862,15.1345879677474
5.38,39.016280606791,9.99509722672042,8.88420444204166,0.129348258137725,8.88514600554634,1.08754575262174,-2.19585930551011,2.45041911795532,-0.316055526534001,15.834270384471
5.39,39.1051769722915,9.99628358488667,8.89506268412924,0.108193190484826,8.89572065214819,1.08396103436053,-2.0339680047,2.30477707558784,-0.401033234317765,16.5460040566068
5.4,39.1941817267791,9.99726660606927,8.90588081587657,0.0886928242300655,8.90632244664813,1.07952227906708,-1.86489882499973,2.15481228381675,-0.486853538473042,17.269857514736
5.41,39.2832944263107,9.9980631981947,8.91665025572229,0.070919545293691,8.91693228441133,1.0742213458102,-1.68853022933808,2.00127105490056,-0.573459113262288,18.0058984636262
5.42,39.3725145407282,9.99869099914554,8.92736234360427,0.0549469583231712,8.92753143832227,1.06805067653022,-1.50474000778559,1.84525736380247,-0.660790703164821,18.7541937661999
5.43,39.4618414529104,9.99916838896218,8.93800834687727,0.0408498933995816,8.93810169569795,1.06100331550761,-1.31340528605688,1.68841981774684,-0.748787098301364,19.5148094274828
5.44,39.5512744580562,9.99951450215622,8.94857946642696,0.0287044126282581,8.94862550396778,1.05307292895577,-1.11440253417049,1.53325001283715,-0.837385109680326,20.2878105784052
5.45,39.6408127630953,9.99974924002845,8.9590668429928,0.0185878166660132,8.95908612550082,1.0442538250104,-0.907607575284146,1.38355251499971,-0.926519544354051,21.0732614595704
5.46,39.7304554860721,9.9998932831179,8.96946156369404,0.0105786511273891,8.96946780196263,1.03454097383928,-0.69289559466506,1.24514229373939,-1.01612318043044,21.8712254049101
5.47,39.8202016556586,9.99996810366747,8.97975466874504,0.00475671292406332,8.97975592859663,1.02393002808503,-0.470141148834045,1.12670555259181,-1.10612674197637,22.6817648252822
5.48,39.9100502107328,9.99999597817464,8.98993715837651,0.00120305651034869,8.98993723887456,1.01241734353698,-0.239218174900088,1.04029525265523,-1.1964588738274,23.5049411919749
5.49,40.0000000000043,9.99999999999068,9,2.77395884040743e-11,9,1.00000000000546,-1.13686837721616e-11,1.00000000000546,-1.28704611621015,24.3408150201349
5.5,40.0000000000043,9.99999999999068,9,2.77395884040743e-11,9,1.00000000000546,-1.13686837721616e-11,1.00000000000546,-1.28704611621015,24.3408150201349
